-- MySQL dump 10.13  Distrib 8.0.30, for Linux (x86_64)
--
-- Host: localhost    Database: mental_health
-- ------------------------------------------------------
-- Server version	8.0.30

/*!40101 SET @OLD_CHARACTER_SET_CLIENT=@@CHARACTER_SET_CLIENT */;
/*!40101 SET @OLD_CHARACTER_SET_RESULTS=@@CHARACTER_SET_RESULTS */;
/*!40101 SET @OLD_COLLATION_CONNECTION=@@COLLATION_CONNECTION */;
/*!50503 SET NAMES utf8mb4 */;
/*!40103 SET @OLD_TIME_ZONE=@@TIME_ZONE */;
/*!40103 SET TIME_ZONE='+00:00' */;
/*!40014 SET @OLD_UNIQUE_CHECKS=@@UNIQUE_CHECKS, UNIQUE_CHECKS=0 */;
/*!40014 SET @OLD_FOREIGN_KEY_CHECKS=@@FOREIGN_KEY_CHECKS, FOREIGN_KEY_CHECKS=0 */;
/*!40101 SET @OLD_SQL_MODE=@@SQL_MODE, SQL_MODE='NO_AUTO_VALUE_ON_ZERO' */;
/*!40111 SET @OLD_SQL_NOTES=@@SQL_NOTES, SQL_NOTES=0 */;

--
-- Table structure for table `Lifestyle`
--

DROP TABLE IF EXISTS `Lifestyle`;
/*!40101 SET @saved_cs_client     = @@character_set_client */;
/*!50503 SET character_set_client = utf8mb4 */;
CREATE TABLE `Lifestyle` (
  `LifestyleID` int NOT NULL AUTO_INCREMENT,
  `StudentID` int NOT NULL,
  `SleepQuality` int NOT NULL,
  `StudyStressLevel` int NOT NULL,
  `StudyHoursPerWeek` int NOT NULL,
  `AcademicEngagement` int NOT NULL,
  PRIMARY KEY (`LifestyleID`),
  KEY `StudentID` (`StudentID`),
  CONSTRAINT `Lifestyle_ibfk_1` FOREIGN KEY (`StudentID`) REFERENCES `Student` (`StudentID`) ON DELETE CASCADE
) ENGINE=InnoDB AUTO_INCREMENT=1024 DEFAULT CHARSET=utf8mb4 COLLATE=utf8mb4_0900_ai_ci;
/*!40101 SET character_set_client = @saved_cs_client */;

--
-- Dumping data for table `Lifestyle`
--

LOCK TABLES `Lifestyle` WRITE;
/*!40000 ALTER TABLE `Lifestyle` DISABLE KEYS */;
INSERT INTO `Lifestyle` VALUES (1,1,4,5,8,2),(2,2,4,4,13,5),(3,3,1,2,13,1),(4,4,5,1,19,2),(5,5,2,4,3,2),(6,6,4,1,15,3),(7,7,1,2,1,2),(8,8,3,5,8,2),(9,9,4,4,5,3),(10,10,4,2,16,3),(11,11,4,5,16,3),(12,12,1,3,6,1),(13,13,4,1,18,2),(14,14,5,4,1,3),(15,15,4,3,10,1),(16,16,2,1,13,3),(17,17,4,5,14,4),(18,18,1,1,6,4),(19,19,2,3,4,1),(20,20,1,5,16,1),(21,21,1,2,9,1),(22,22,2,5,19,5),(23,23,5,5,13,5),(24,24,5,1,19,2),(25,25,4,1,12,1),(26,26,5,3,2,3),(27,27,3,4,3,5),(28,28,4,4,7,1),(29,29,2,3,15,5),(30,30,4,1,3,1),(31,31,2,1,9,1),(32,32,5,3,1,5),(33,33,2,3,6,3),(34,33,4,3,1,2),(35,35,3,3,19,2),(36,36,1,3,3,5),(37,35,5,5,19,1),(38,38,2,5,5,1),(39,39,3,2,16,4),(40,40,5,2,19,1),(41,41,4,3,11,4),(42,42,3,2,16,1),(43,43,1,1,12,5),(44,44,4,4,11,1),(45,45,4,2,3,2),(46,46,5,3,11,4),(47,47,3,1,6,3),(48,24,3,1,10,4),(49,49,1,5,8,5),(50,50,4,5,8,2),(51,51,3,5,9,5),(52,52,2,4,10,4),(53,53,2,4,17,4),(54,54,4,4,15,4),(55,55,3,4,19,4),(56,56,3,2,1,2),(57,57,5,4,8,5),(58,58,3,5,12,1),(59,59,3,3,3,4),(60,60,3,3,7,5),(61,61,2,1,2,1),(62,62,2,3,4,1),(63,63,2,2,17,2),(64,64,5,5,15,2),(65,65,2,4,6,5),(66,66,5,5,14,4),(67,67,4,2,7,2),(68,68,5,5,8,1),(69,69,3,3,13,3),(70,70,2,4,1,2),(71,71,1,2,15,3),(72,72,2,2,7,1),(73,73,3,1,4,4),(74,74,3,4,15,4),(75,75,2,3,5,4),(76,76,2,4,2,5),(77,77,4,3,11,3),(78,78,2,4,15,4),(79,79,3,5,11,5),(80,80,1,2,19,4),(81,81,3,2,7,5),(82,82,3,2,4,4),(83,83,2,2,17,2),(84,83,5,5,16,5),(85,85,2,5,19,2),(86,86,3,4,8,2),(87,87,4,2,3,4),(88,88,3,4,1,5),(89,89,5,4,7,3),(90,90,1,4,17,1),(91,91,4,2,15,3),(92,92,5,1,16,1),(93,93,5,5,17,2),(94,94,3,5,6,3),(95,95,2,1,10,4),(96,96,4,2,19,2),(97,97,4,2,5,4),(98,98,4,3,14,1),(99,99,5,1,13,1),(100,100,4,4,6,1),(101,101,1,1,5,4),(102,102,3,2,1,5),(103,103,1,4,8,4),(104,104,4,4,17,3),(105,105,4,1,17,3),(106,106,5,2,5,4),(107,107,1,2,12,4),(108,108,5,4,14,4),(109,109,1,3,6,5),(110,110,4,2,17,4),(111,111,1,1,10,1),(112,112,4,1,1,1),(113,113,1,5,6,1),(114,114,4,3,4,5),(115,115,5,2,6,4),(116,63,2,2,18,2),(117,117,4,1,11,1),(118,118,5,3,9,3),(119,119,1,4,4,1),(120,120,4,3,19,3),(121,121,4,5,13,1),(122,122,5,4,1,2),(123,121,4,4,11,1),(124,124,1,1,5,3),(125,125,2,2,14,1),(126,126,3,3,11,4),(127,127,3,1,1,1),(128,128,1,1,5,4),(129,129,1,2,5,5),(130,13,3,4,13,3),(131,13,1,1,17,4),(132,132,5,2,11,5),(133,24,4,3,19,1),(134,134,5,2,7,3),(135,135,1,2,16,2),(136,136,2,2,18,3),(137,137,3,2,7,5),(138,138,1,2,7,2),(139,139,5,1,9,3),(140,140,1,3,18,5),(141,141,5,1,3,1),(142,142,3,3,1,5),(143,143,5,5,9,4),(144,144,4,2,17,2),(145,145,3,4,4,3),(146,146,4,1,8,3),(147,147,3,2,14,5),(148,148,3,2,18,1),(149,149,4,2,5,4),(150,150,1,5,18,5),(151,151,5,5,7,5),(152,152,3,3,1,3),(153,153,5,5,13,2),(154,154,1,5,6,5),(155,155,3,2,18,3),(156,156,5,1,1,3),(157,157,2,4,11,5),(158,158,3,2,17,5),(159,159,5,2,19,3),(160,160,3,3,17,3),(161,155,2,3,14,5),(162,162,2,4,19,4),(163,163,3,4,4,3),(164,61,1,3,1,1),(165,165,3,3,18,3),(166,165,4,4,18,1),(167,160,3,5,15,2),(168,168,3,3,1,4),(169,168,5,2,2,3),(170,170,5,5,19,5),(171,171,3,5,7,5),(172,172,3,4,18,1),(173,173,3,5,4,5),(174,174,5,5,17,4),(175,175,5,5,7,4),(176,176,3,1,2,5),(177,177,1,2,19,4),(178,178,3,3,4,2),(179,179,5,4,1,3),(180,180,3,1,9,1),(181,181,4,2,4,4),(182,182,1,5,2,4),(183,183,4,1,9,3),(184,184,4,4,14,2),(185,185,3,3,6,2),(186,186,1,1,11,4),(187,187,2,2,1,2),(188,188,5,3,3,1),(189,189,4,2,18,3),(190,190,4,1,5,3),(191,191,1,1,14,1),(192,192,4,5,4,3),(193,193,5,1,7,1),(194,194,2,4,4,3),(195,195,2,3,13,4),(196,196,5,4,11,2),(197,197,4,2,10,5),(198,198,5,5,15,1),(199,199,2,4,2,5),(200,200,5,1,7,3),(201,201,4,3,10,1),(202,202,2,2,7,2),(203,203,2,5,3,2),(204,204,4,2,13,5),(205,205,3,4,13,2),(206,206,1,2,6,3),(207,207,2,5,14,3),(208,208,2,1,6,4),(209,209,2,3,7,3),(210,210,5,2,13,3),(211,211,1,4,14,4),(212,212,3,1,18,2),(213,213,5,4,16,1),(214,214,4,3,10,4),(215,215,2,2,8,4),(216,216,3,1,14,4),(217,217,3,1,17,2),(218,218,2,4,15,2),(219,219,5,4,9,3),(220,220,1,1,18,2),(221,221,1,2,3,1),(222,222,5,2,1,3),(223,223,2,2,3,2),(224,224,2,3,1,1),(225,225,4,3,16,2),(226,226,3,3,9,5),(227,227,1,5,5,2),(228,228,2,3,15,4),(229,229,1,5,5,1),(230,230,5,1,15,4),(231,231,1,2,1,3),(232,232,3,1,7,2),(233,233,1,5,16,4),(234,234,1,5,14,3),(235,235,3,1,2,3),(236,236,4,5,16,2),(237,237,2,3,15,2),(238,238,3,5,14,4),(239,71,4,5,13,4),(240,240,1,4,6,5),(241,179,5,3,1,3),(242,242,5,2,5,5),(243,243,4,4,9,5),(244,244,5,5,13,5),(245,245,2,2,17,5),(246,246,3,1,19,5),(247,247,5,4,2,4),(248,248,4,4,19,5),(249,249,3,3,13,1),(250,250,3,4,4,4),(251,251,5,2,8,1),(252,252,1,1,11,3),(253,253,1,4,8,2),(254,254,2,2,12,3),(255,255,4,1,13,1),(256,256,3,2,11,1),(257,257,1,3,11,1),(258,258,1,4,8,1),(259,259,1,1,3,1),(260,260,3,5,11,4),(261,5,1,3,5,1),(262,262,5,1,7,4),(263,263,1,3,7,3),(264,264,3,2,15,2),(265,265,5,1,17,3),(266,7,2,1,2,2),(267,267,3,4,10,3),(268,268,5,2,1,4),(269,269,4,5,4,3),(270,270,5,5,3,4),(271,271,5,3,16,4),(272,272,1,5,8,4),(273,273,4,1,5,4),(274,274,1,5,9,1),(275,275,3,5,10,3),(276,276,1,3,9,2),(277,277,5,1,9,5),(278,87,1,3,4,5),(279,279,3,5,17,5),(280,280,5,1,10,3),(281,281,5,1,11,2),(282,282,1,3,17,4),(283,283,1,3,19,5),(284,284,1,2,3,1),(285,285,5,4,9,3),(286,286,2,3,18,4),(287,287,1,5,5,1),(288,288,1,4,13,1),(289,33,1,5,1,4),(290,290,2,3,4,3),(291,291,5,1,2,4),(292,292,3,1,4,4),(293,293,3,1,3,2),(294,294,2,2,11,3),(295,295,4,5,1,2),(296,296,2,1,5,1),(297,297,2,5,15,2),(298,298,4,5,5,3),(299,207,4,4,14,3),(300,300,3,2,16,3),(301,301,5,4,10,1),(302,93,1,3,15,3),(303,303,5,1,4,2),(304,304,2,2,3,4),(305,27,3,3,2,1),(306,306,5,5,9,3),(307,307,1,3,2,4),(308,308,1,3,8,3),(309,309,4,1,2,4),(310,310,5,3,13,2),(311,62,4,5,2,5),(312,312,4,2,3,5),(313,313,1,2,10,1),(314,314,2,3,9,5),(315,315,3,3,5,4),(316,70,4,3,1,3),(317,317,3,2,9,5),(318,318,1,5,16,2),(319,319,1,3,12,5),(320,320,1,2,5,1),(321,321,1,1,15,1),(322,322,2,4,11,3),(323,323,1,2,3,4),(324,324,1,2,16,1),(325,325,4,2,19,2),(326,326,1,4,12,2),(327,327,4,3,12,2),(328,328,1,2,10,1),(329,329,3,4,4,4),(330,330,1,3,15,1),(331,331,4,5,3,3),(332,332,3,1,11,5),(333,333,2,5,10,5),(334,207,5,5,12,5),(335,335,1,4,17,1),(336,336,2,3,6,2),(337,337,1,4,8,3),(338,338,5,1,5,2),(339,339,3,3,8,4),(340,340,2,4,2,4),(341,341,1,3,6,2),(342,342,5,5,2,4),(343,343,2,3,6,4),(344,344,4,3,12,2),(345,345,2,5,3,4),(346,346,4,2,7,5),(347,347,3,1,18,3),(348,348,3,5,5,4),(349,349,5,3,8,5),(350,350,3,5,7,4),(351,351,1,3,12,2),(352,352,2,5,9,1),(353,353,2,1,2,5),(354,354,3,3,1,2),(355,355,4,1,9,2),(356,356,1,2,14,5),(357,357,1,1,1,5),(358,207,3,2,19,2),(359,359,3,1,10,4),(360,360,3,2,2,2),(361,361,3,1,17,4),(362,362,1,1,5,4),(363,93,5,4,19,3),(364,13,4,2,16,4),(365,365,4,3,3,5),(366,366,1,5,12,5),(367,367,3,5,5,5),(368,368,3,2,17,1),(369,120,2,1,15,3),(370,370,2,1,8,1),(371,24,2,5,17,3),(372,372,3,3,19,2),(373,373,5,4,14,4),(374,374,5,4,5,2),(375,375,4,3,8,3),(376,376,1,4,15,3),(377,377,2,2,2,3),(378,141,2,4,2,1),(379,379,5,5,3,1),(380,380,5,4,5,4),(381,381,3,3,10,2),(382,382,4,5,18,3),(383,383,2,5,8,1),(384,384,2,5,1,1),(385,385,5,1,8,5),(386,386,4,5,14,3),(387,387,2,4,3,4),(388,388,1,1,13,4),(389,388,4,4,19,3),(390,152,5,2,2,3),(391,391,1,3,12,3),(392,155,3,1,15,2),(393,155,1,5,18,2),(394,394,3,2,9,4),(395,395,2,5,11,2),(396,396,1,3,11,5),(397,397,2,1,17,4),(398,398,5,3,14,5),(399,399,4,3,4,5),(400,400,4,3,10,4),(401,401,3,4,17,1),(402,170,2,2,19,2),(403,403,2,2,5,2),(404,404,4,1,6,4),(405,405,3,2,8,5),(406,406,5,4,2,5),(407,407,4,3,8,2),(408,408,5,1,14,1),(409,409,5,5,8,1),(410,410,5,3,10,3),(411,411,4,3,11,5),(412,412,4,4,17,5),(413,413,1,5,15,5),(414,414,4,5,19,1),(415,414,5,1,19,3),(416,416,1,5,6,3),(417,417,3,2,9,3),(418,418,1,4,1,1),(419,419,4,4,16,5),(420,419,3,3,18,3),(421,421,2,3,7,4),(422,422,1,5,8,5),(423,190,2,4,3,3),(424,424,5,4,8,3),(425,425,2,4,1,4),(426,195,4,2,15,5),(427,427,3,1,16,5),(428,428,4,1,6,5),(429,429,1,5,6,1),(430,430,3,5,17,1),(431,431,4,3,7,3),(432,432,4,1,3,3),(433,433,5,3,6,1),(434,430,1,1,18,1),(435,435,4,1,12,3),(436,436,2,1,18,4),(437,437,2,5,4,1),(438,438,5,1,3,5),(439,439,5,1,15,5),(440,440,1,5,1,4),(441,441,4,3,5,4),(442,442,1,4,4,2),(443,443,1,3,12,5),(444,444,3,1,4,5),(445,445,2,4,15,2),(446,446,4,3,5,5),(447,447,4,3,11,2),(448,92,4,5,17,1),(449,449,3,1,1,5),(450,450,3,1,2,1),(451,451,5,2,14,3),(452,452,3,1,4,1),(453,453,2,5,16,4),(454,454,4,2,19,4),(455,207,3,5,14,4),(456,456,5,4,5,3),(457,361,3,5,18,5),(458,458,2,5,13,1),(459,459,1,2,10,5),(460,460,3,1,8,3),(461,461,4,2,4,5),(462,462,2,5,16,5),(463,463,3,4,15,4),(464,464,4,3,4,3),(465,465,5,1,17,2),(466,466,2,4,13,5),(467,93,3,2,17,3),(468,468,3,4,12,4),(469,220,2,2,17,5),(470,470,5,3,8,4),(471,471,5,2,8,5),(472,472,3,4,2,1),(473,473,2,2,16,4),(474,474,4,4,1,4),(475,475,1,5,6,4),(476,476,2,2,1,4),(477,477,5,4,13,2),(478,478,3,4,12,2),(479,479,5,1,18,5),(480,480,2,3,7,5),(481,481,4,2,17,5),(482,482,4,2,4,2),(483,483,5,2,13,2),(484,484,1,4,12,5),(485,485,4,5,5,3),(486,486,1,2,2,1),(487,487,5,5,15,2),(488,488,2,5,15,4),(489,489,4,5,2,5),(490,490,1,2,13,5),(491,234,5,5,13,5),(492,492,3,5,7,3),(493,234,1,5,19,3),(494,494,3,5,14,1),(495,495,5,2,6,1),(496,496,1,3,6,4),(497,497,5,2,8,5),(498,498,2,3,3,4),(499,373,3,4,18,5),(500,500,5,1,9,5),(501,501,4,5,9,5),(502,502,3,1,17,2),(503,245,1,5,17,4),(504,504,3,3,17,5),(505,505,2,5,18,3),(506,506,2,5,19,3),(507,507,2,5,3,5),(508,508,3,2,17,1),(509,509,1,5,9,1),(510,510,2,5,12,1),(511,6,4,2,19,4),(512,7,5,2,4,3),(513,513,5,2,9,1),(514,514,3,1,11,2),(515,515,2,1,15,1),(516,516,4,5,3,5),(517,517,1,5,3,1),(518,271,3,3,16,2),(519,519,4,4,17,2),(520,520,3,2,6,4),(521,521,3,1,19,5),(522,522,2,2,11,3),(523,523,3,4,19,5),(524,524,3,3,2,1),(525,525,4,5,16,2),(526,526,5,5,4,5),(527,527,4,1,2,4),(528,528,1,5,2,1),(529,529,1,1,6,2),(530,17,5,1,19,3),(531,282,1,2,16,2),(532,532,4,4,3,4),(533,533,4,2,19,4),(534,534,5,1,2,5),(535,535,4,5,4,5),(536,536,4,2,8,2),(537,537,5,5,8,4),(538,538,1,1,7,3),(539,539,4,2,12,3),(540,540,5,3,1,4),(541,541,5,2,19,3),(542,542,5,1,12,1),(543,543,2,5,15,3),(544,544,3,3,1,4),(545,545,4,5,12,3),(546,546,3,5,19,5),(547,547,3,4,18,1),(548,297,2,3,15,5),(549,549,5,1,16,1),(550,550,3,3,5,5),(551,551,2,1,12,5),(552,552,2,4,19,5),(553,553,2,3,5,3),(554,554,2,2,3,4),(555,24,1,5,19,5),(556,556,2,2,12,4),(557,55,3,3,14,4),(558,558,5,5,10,5),(559,559,1,1,15,3),(560,560,2,1,1,5),(561,561,3,5,3,3),(562,562,1,1,12,2),(563,563,1,5,13,5),(564,564,5,3,18,3),(565,565,2,5,11,3),(566,191,1,3,14,1),(567,13,1,1,17,5),(568,568,2,2,6,2),(569,569,3,4,8,4),(570,64,5,5,15,4),(571,571,2,1,8,4),(572,572,3,5,15,1),(573,573,5,3,8,3),(574,574,3,3,9,1),(575,22,2,4,19,5),(576,576,5,5,5,3),(577,577,3,3,7,1),(578,552,4,3,19,1),(579,517,4,2,2,5),(580,580,4,4,7,4),(581,581,2,5,9,1),(582,582,2,1,17,5),(583,583,3,3,8,3),(584,449,3,5,1,4),(585,360,3,2,4,1),(586,586,2,3,4,2),(587,587,3,4,19,4),(588,83,3,4,19,3),(589,589,5,1,9,1),(590,590,4,2,8,5),(591,591,4,4,8,3),(592,91,5,2,17,3),(593,593,2,1,1,3),(594,594,1,3,12,3),(595,595,2,5,1,5),(596,596,1,4,12,5),(597,597,5,3,1,2),(598,598,3,2,16,1),(599,598,1,1,17,1),(600,600,2,4,5,1),(601,601,2,2,14,2),(602,602,4,3,16,4),(603,603,1,5,17,4),(604,604,4,1,5,5),(605,605,1,4,5,5),(606,347,3,5,17,2),(607,110,2,3,18,4),(608,608,4,5,9,4),(609,609,2,3,15,3),(610,610,1,2,6,2),(611,611,4,5,7,3),(612,612,2,4,19,3),(613,613,4,5,6,3),(614,10,2,5,16,2),(615,615,5,5,5,4),(616,616,2,5,10,2),(617,617,2,3,6,3),(618,190,3,3,2,1),(619,619,4,4,15,2),(620,361,5,5,15,5),(621,621,1,4,12,3),(622,357,1,1,1,2),(623,623,3,2,19,5),(624,624,2,4,1,3),(625,625,5,4,12,2),(626,626,4,2,10,2),(627,627,5,2,3,1),(628,628,3,4,5,4),(629,629,4,4,9,2),(630,63,4,3,14,2),(631,26,2,3,3,1),(632,632,1,1,9,1),(633,633,1,4,8,1),(634,634,5,2,4,4),(635,635,5,2,11,3),(636,636,5,3,7,2),(637,637,2,2,5,4),(638,638,2,1,7,2),(639,639,5,5,3,2),(640,640,2,4,8,4),(641,641,2,5,4,2),(642,642,2,5,8,4),(643,643,5,5,16,1),(644,644,3,3,8,2),(645,645,4,3,6,1),(646,147,3,2,17,2),(647,160,3,1,18,2),(648,162,4,1,16,1),(649,401,1,3,18,5),(650,650,1,3,8,3),(651,651,2,1,1,2),(652,652,5,3,11,2),(653,653,5,2,4,3),(654,654,3,2,2,1),(655,160,2,3,13,5),(656,656,2,3,4,3),(657,160,4,2,15,4),(658,658,4,3,11,4),(659,659,3,4,14,5),(660,660,1,2,7,1),(661,661,3,2,4,2),(662,662,3,1,12,4),(663,663,4,4,4,2),(664,172,3,2,16,3),(665,665,1,3,12,2),(666,666,1,4,16,1),(667,667,4,4,5,4),(668,668,5,1,8,4),(669,669,3,3,2,3),(670,670,4,3,11,4),(671,671,5,3,19,1),(672,672,1,1,4,5),(673,673,3,5,17,2),(674,674,3,5,11,5),(675,675,5,3,10,2),(676,676,3,4,8,5),(677,10,1,1,18,4),(678,519,5,4,14,3),(679,128,4,2,2,1),(680,120,3,1,18,2),(681,190,2,5,1,5),(682,682,1,5,10,3),(683,683,3,1,8,5),(684,643,4,4,14,2),(685,685,1,1,3,2),(686,686,4,1,8,1),(687,627,5,4,2,1),(688,688,1,5,7,4),(689,689,4,1,17,1),(690,690,1,2,7,5),(691,691,4,5,16,4),(692,692,3,2,10,5),(693,443,3,1,16,2),(694,694,3,5,5,4),(695,695,2,4,17,2),(696,696,5,3,18,2),(697,419,5,5,13,4),(698,698,3,4,10,4),(699,699,4,5,13,2),(700,700,1,2,19,3),(701,701,2,3,12,2),(702,702,5,4,19,5),(703,702,2,4,11,4),(704,704,4,2,17,2),(705,453,2,1,17,5),(706,706,1,2,1,5),(707,707,4,1,9,4),(708,708,1,2,12,2),(709,709,2,2,7,1),(710,710,4,4,14,2),(711,711,3,3,15,5),(712,291,1,3,1,3),(713,713,4,3,2,3),(714,714,5,5,14,1),(715,449,2,1,2,4),(716,716,2,2,5,3),(717,300,3,3,15,5),(718,220,1,4,15,5),(719,719,3,3,14,1),(720,720,5,3,12,3),(721,228,5,2,16,4),(722,722,2,1,13,2),(723,229,1,5,1,2),(724,724,4,2,5,4),(725,725,1,5,6,4),(726,695,4,5,19,3),(727,233,2,1,15,4),(728,728,4,4,13,5),(729,729,1,2,19,2),(730,730,5,1,9,3),(731,731,1,2,5,1),(732,732,5,4,2,3),(733,733,3,2,9,2),(734,734,2,3,11,4),(735,735,4,4,15,5),(736,238,1,3,13,5),(737,737,3,5,13,3),(738,738,3,3,17,4),(739,739,3,5,3,4),(740,740,4,3,5,3),(741,741,3,1,7,3),(742,742,2,1,1,5),(743,247,5,3,1,4),(744,744,2,2,1,3),(745,745,1,5,6,5),(746,746,3,4,7,2),(747,120,3,2,19,5),(748,192,2,4,1,3),(749,749,2,3,9,5),(750,13,4,3,18,5),(751,13,2,4,15,5),(752,752,1,5,13,3),(753,753,5,4,9,4),(754,754,5,2,12,5),(755,755,2,5,6,1),(756,756,1,1,11,2),(757,757,3,5,13,5),(758,758,5,5,7,5),(759,5,1,5,1,2),(760,760,2,3,7,4),(761,761,3,3,6,2),(762,762,2,5,3,2),(763,763,2,3,18,4),(764,764,1,4,11,4),(765,192,3,5,5,1),(766,766,1,5,9,4),(767,767,5,3,13,1),(768,192,5,1,2,2),(769,769,3,1,6,3),(770,770,2,5,1,2),(771,190,2,4,1,3),(772,321,3,4,17,4),(773,517,4,4,1,1),(774,774,5,3,6,1),(775,276,4,2,8,1),(776,776,4,5,5,1),(777,777,3,3,5,4),(778,778,3,5,4,5),(779,779,5,1,17,1),(780,780,3,4,15,4),(781,781,1,5,2,3),(782,782,5,5,7,5),(783,783,5,2,3,1),(784,784,1,5,19,2),(785,785,1,3,7,5),(786,414,2,3,19,2),(787,787,1,5,7,4),(788,788,4,4,12,3),(789,789,1,4,12,2),(790,790,4,5,18,1),(791,791,4,1,4,1),(792,792,3,4,3,4),(793,793,2,2,8,4),(794,794,2,3,10,2),(795,795,5,5,3,5),(796,796,1,2,12,5),(797,797,1,2,16,5),(798,798,5,3,3,5),(799,799,2,1,7,2),(800,800,1,1,18,3),(801,546,3,4,17,5),(802,802,5,2,10,1),(803,803,5,5,8,4),(804,804,4,4,13,2),(805,93,1,3,17,3),(806,135,3,2,12,5),(807,136,1,3,12,5),(808,808,3,5,7,1),(809,809,4,3,13,5),(810,810,1,3,4,2),(811,811,3,4,14,1),(812,812,1,5,7,5),(813,813,4,1,9,5),(814,814,1,1,3,4),(815,815,5,1,10,1),(816,816,1,1,17,3),(817,817,1,2,11,3),(818,818,2,4,12,2),(819,819,5,2,12,4),(820,71,4,4,16,3),(821,821,1,2,13,1),(822,822,3,4,13,3),(823,823,1,1,9,4),(824,824,1,3,10,2),(825,825,4,4,2,2),(826,826,2,2,4,5),(827,784,5,2,13,5),(828,828,5,5,3,1),(829,829,4,3,18,4),(830,830,1,4,13,4),(831,831,5,2,9,4),(832,832,4,4,12,2),(833,833,3,1,15,4),(834,834,1,2,13,5),(835,282,3,3,19,5),(836,836,5,5,8,4),(837,837,4,1,9,5),(838,207,5,2,15,3),(839,839,5,2,15,2),(840,840,1,5,2,2),(841,841,5,5,10,1),(842,842,3,1,15,4),(843,843,2,3,5,1),(844,844,2,1,6,4),(845,845,1,1,5,1),(846,846,3,3,1,4),(847,847,1,3,8,2),(848,108,5,4,16,5),(849,849,4,5,6,1),(850,850,1,2,3,4),(851,851,4,2,19,2),(852,852,5,1,10,1),(853,853,1,4,5,1),(854,61,3,2,1,4),(855,855,4,4,18,3),(856,856,3,5,17,4),(857,857,4,5,17,3),(858,858,4,2,1,5),(859,859,1,2,2,5),(860,621,3,5,19,5),(861,120,3,5,19,3),(862,862,5,1,9,1),(863,863,1,4,17,5),(864,864,1,1,5,1),(865,865,1,1,3,3),(866,866,1,4,3,3),(867,867,3,1,17,1),(868,868,1,1,8,3),(869,63,5,5,15,5),(870,120,1,1,16,4),(871,871,2,1,9,3),(872,872,4,1,10,4),(873,873,1,4,10,5),(874,874,1,3,16,5),(875,875,5,4,5,3),(876,738,2,1,14,4),(877,142,2,4,1,1),(878,878,3,3,6,3),(879,142,5,4,3,1),(880,880,1,2,5,5),(881,881,1,3,19,2),(882,419,5,4,15,5),(883,883,2,5,5,2),(884,884,3,5,15,2),(885,885,1,2,1,1),(886,886,4,5,6,4),(887,887,4,5,1,4),(888,888,5,4,19,5),(889,889,3,4,2,2),(890,890,5,2,3,5),(891,891,4,1,4,2),(892,396,3,5,17,4),(893,893,3,1,8,1),(894,158,1,4,16,5),(895,895,2,5,1,5),(896,896,3,4,10,1),(897,897,5,4,13,1),(898,159,1,2,14,4),(899,899,1,4,3,2),(900,900,3,5,5,4),(901,901,2,1,8,5),(902,902,3,1,18,4),(903,903,2,1,1,2),(904,904,2,4,15,5),(905,905,4,4,4,4),(906,260,2,5,12,3),(907,738,3,4,14,1),(908,908,4,3,3,1),(909,909,3,3,11,3),(910,910,3,2,10,5),(911,911,4,3,14,4),(912,912,2,5,15,2),(913,913,4,2,10,3),(914,914,5,4,11,4),(915,915,1,4,17,1),(916,185,4,3,6,3),(917,917,1,4,4,1),(918,918,4,5,4,5),(919,919,4,3,5,2),(920,920,5,5,11,1),(921,519,2,3,14,1),(922,922,3,3,7,2),(923,923,3,4,5,3),(924,924,5,1,3,4),(925,925,3,3,4,3),(926,926,1,4,13,4),(927,927,5,4,5,5),(928,928,3,3,6,1),(929,929,3,3,1,3),(930,929,3,5,1,1),(931,931,5,3,4,2),(932,932,1,4,15,4),(933,933,1,4,3,3),(934,934,2,4,12,4),(935,935,5,2,6,5),(936,936,2,2,5,3),(937,937,4,2,1,4),(938,938,1,5,3,5),(939,695,5,5,18,2),(940,940,4,2,11,1),(941,941,5,1,6,5),(942,942,3,3,11,4),(943,695,4,2,12,3),(944,93,4,5,12,5),(945,945,4,2,10,1),(946,856,5,3,17,4),(947,947,2,1,11,4),(948,856,2,1,13,4),(949,949,1,4,8,3),(950,384,2,2,2,2),(951,951,4,4,7,2),(952,952,4,3,9,2),(953,953,4,2,5,3),(954,954,4,1,2,4),(955,621,4,1,18,3),(956,956,1,1,10,1),(957,957,1,5,13,4),(958,462,4,3,14,4),(959,959,1,5,10,5),(960,960,4,1,3,3),(961,961,5,5,1,1),(962,621,5,4,19,1),(963,963,5,4,2,1),(964,964,2,4,14,5),(965,965,2,1,10,1),(966,966,1,2,6,4),(967,967,2,3,5,4),(968,968,2,3,10,5),(969,223,1,3,1,3),(970,970,4,1,4,2),(971,971,2,2,8,2),(972,972,4,5,13,4),(973,973,1,3,9,1),(974,974,3,2,16,1),(975,476,1,5,1,1),(976,976,5,5,4,1),(977,977,5,4,8,4),(978,488,2,1,13,4),(979,979,3,4,16,3),(980,980,3,3,6,3),(981,981,3,5,12,4),(982,982,2,5,16,2),(983,732,4,3,2,1),(984,984,5,3,17,4),(985,985,1,4,19,1),(986,986,5,3,6,3),(987,987,1,1,12,4),(988,988,3,3,12,2),(989,989,5,4,4,1),(990,990,1,2,12,1),(991,991,3,3,14,4),(992,992,3,1,17,1),(993,502,5,3,15,5),(994,994,1,2,3,4),(995,995,5,4,15,1),(996,996,1,3,7,1),(997,997,4,1,12,2),(998,998,5,4,3,1),(999,999,5,4,13,3),(1000,1000,2,5,8,1);
/*!40000 ALTER TABLE `Lifestyle` ENABLE KEYS */;
UNLOCK TABLES;

--
-- Table structure for table `MentalHealth`
--

DROP TABLE IF EXISTS `MentalHealth`;
/*!40101 SET @saved_cs_client     = @@character_set_client */;
/*!50503 SET character_set_client = utf8mb4 */;
CREATE TABLE `MentalHealth` (
  `ID` int NOT NULL AUTO_INCREMENT,
  `StudentID` int NOT NULL,
  `Depression` tinyint NOT NULL,
  `Anxiety` tinyint NOT NULL,
  `PanicAttack` tinyint NOT NULL,
  `SpecialistTreatment` tinyint NOT NULL,
  `SymptomFrequency_Last7Days` int NOT NULL,
  `HasMentalHealthSupport` tinyint NOT NULL,
  PRIMARY KEY (`ID`),
  KEY `StudentID` (`StudentID`),
  CONSTRAINT `MentalHealth_ibfk_1` FOREIGN KEY (`StudentID`) REFERENCES `Student` (`StudentID`) ON DELETE CASCADE
) ENGINE=InnoDB AUTO_INCREMENT=1024 DEFAULT CHARSET=utf8mb4 COLLATE=utf8mb4_0900_ai_ci;
/*!40101 SET character_set_client = @saved_cs_client */;

--
-- Dumping data for table `MentalHealth`
--

LOCK TABLES `MentalHealth` WRITE;
/*!40000 ALTER TABLE `MentalHealth` DISABLE KEYS */;
INSERT INTO `MentalHealth` VALUES (1,1,1,0,0,0,5,0),(2,2,0,1,0,0,0,0),(3,3,0,0,1,0,3,0),(4,4,0,0,0,0,3,0),(5,5,1,1,0,0,0,0),(6,6,0,0,1,0,4,0),(7,7,1,1,0,0,0,0),(8,8,0,0,0,0,3,0),(9,9,0,0,0,0,5,0),(10,10,1,1,0,0,5,0),(11,11,1,0,0,0,6,0),(12,12,1,0,0,0,7,0),(13,13,1,0,0,0,3,0),(14,14,0,0,0,0,6,0),(15,15,0,1,1,0,0,0),(16,16,1,0,0,1,5,1),(17,17,1,1,0,0,1,0),(18,18,0,0,0,0,7,0),(19,19,1,1,1,0,4,0),(20,20,0,1,1,0,1,0),(21,21,0,1,0,0,3,0),(22,22,1,0,1,0,0,0),(23,23,0,1,1,0,1,0),(24,24,0,0,0,0,3,0),(25,25,1,0,1,0,1,0),(26,26,1,0,1,0,0,0),(27,27,1,1,0,0,2,0),(28,28,1,1,1,0,6,0),(29,29,1,1,0,0,0,0),(30,30,0,0,1,0,0,0),(31,31,0,0,1,0,5,0),(32,32,0,1,1,0,2,0),(33,33,0,1,0,0,0,0),(34,33,1,0,0,0,5,0),(35,35,0,0,0,0,6,0),(36,36,0,1,0,0,3,0),(37,35,0,0,1,0,0,0),(38,38,1,0,0,0,6,0),(39,39,1,1,0,0,0,0),(40,40,1,0,1,0,5,0),(41,41,0,0,1,0,1,0),(42,42,0,0,0,0,5,0),(43,43,0,0,1,0,4,0),(44,44,1,1,1,0,4,0),(45,45,1,0,1,0,3,0),(46,46,0,0,0,0,5,0),(47,47,1,1,1,0,4,0),(48,24,1,1,0,0,5,0),(49,49,1,0,1,0,4,0),(50,50,0,1,0,0,0,0),(51,51,1,1,1,0,2,0),(52,52,1,0,1,0,2,0),(53,53,0,0,0,0,0,0),(54,54,0,1,1,0,0,0),(55,55,0,1,1,0,1,0),(56,56,1,1,1,0,3,0),(57,57,0,0,0,0,4,0),(58,58,1,1,0,0,6,0),(59,59,0,0,0,0,6,0),(60,60,1,0,1,0,6,0),(61,61,0,0,1,0,1,0),(62,62,1,0,0,0,2,0),(63,63,0,0,0,0,1,0),(64,64,0,1,0,0,3,0),(65,65,0,1,0,0,2,0),(66,66,0,1,1,0,4,0),(67,67,1,1,0,0,5,0),(68,68,1,0,0,0,6,0),(69,69,1,0,0,0,3,0),(70,70,0,0,0,0,2,0),(71,71,1,0,0,0,7,0),(72,72,0,0,0,0,2,0),(73,73,1,0,0,0,1,0),(74,74,1,1,0,0,6,0),(75,75,0,1,0,0,2,0),(76,76,0,0,0,0,0,0),(77,77,1,0,1,0,4,0),(78,78,1,0,0,0,4,0),(79,79,0,1,1,0,4,0),(80,80,1,0,1,0,6,0),(81,81,0,1,0,0,4,0),(82,82,0,0,0,0,6,0),(83,83,0,0,0,0,2,0),(84,83,0,1,1,0,2,0),(85,85,0,1,0,0,7,0),(86,86,0,1,1,0,1,0),(87,87,0,0,0,0,2,0),(88,88,1,0,1,0,2,0),(89,89,1,1,0,0,6,0),(90,90,0,1,1,0,7,0),(91,91,1,0,0,0,4,0),(92,92,1,1,1,0,6,0),(93,93,1,1,1,0,2,0),(94,94,0,0,0,0,2,0),(95,95,1,0,1,0,7,0),(96,96,1,1,0,0,7,0),(97,97,0,1,0,0,4,0),(98,98,0,1,0,0,1,0),(99,99,1,0,0,0,7,0),(100,100,0,1,1,0,0,0),(101,101,0,1,1,0,0,0),(102,102,0,0,0,0,4,0),(103,103,0,1,0,0,6,0),(104,104,0,0,0,0,3,0),(105,105,0,1,0,0,5,0),(106,106,0,0,1,0,6,0),(107,107,0,0,0,0,3,0),(108,108,1,1,1,0,3,0),(109,109,1,1,1,0,6,0),(110,110,0,1,0,0,7,0),(111,111,1,1,1,0,2,0),(112,112,0,0,1,0,0,0),(113,113,1,1,1,0,1,0),(114,114,0,1,0,0,0,0),(115,115,0,1,0,0,0,0),(116,63,0,0,1,0,6,0),(117,117,1,1,1,0,4,0),(118,118,0,0,1,0,2,0),(119,119,1,1,0,0,6,0),(120,120,0,0,0,0,7,0),(121,121,0,0,1,0,5,0),(122,122,0,0,1,0,7,0),(123,121,0,0,1,0,4,0),(124,124,1,1,0,0,1,0),(125,125,1,1,0,0,4,0),(126,126,1,1,1,0,2,0),(127,127,0,1,0,0,0,0),(128,128,0,0,0,0,5,0),(129,129,0,0,1,0,0,0),(130,13,1,0,1,0,5,0),(131,13,1,1,0,0,4,0),(132,132,1,0,0,0,6,0),(133,24,1,1,0,0,1,0),(134,134,0,1,1,0,0,0),(135,135,0,0,1,0,0,0),(136,136,1,0,0,0,3,0),(137,137,1,1,1,1,7,1),(138,138,1,1,0,1,7,1),(139,139,0,0,0,0,3,0),(140,140,1,1,0,0,0,0),(141,141,1,0,0,0,6,0),(142,142,0,1,1,0,4,0),(143,143,0,1,1,0,4,0),(144,144,0,1,1,0,4,0),(145,145,0,1,0,0,0,0),(146,146,0,0,1,0,0,0),(147,147,0,1,1,0,2,0),(148,148,0,0,0,0,0,0),(149,149,1,0,0,0,4,0),(150,150,1,1,0,0,2,0),(151,151,0,0,1,0,3,0),(152,152,0,1,0,1,2,1),(153,153,0,0,0,1,5,1),(154,154,1,0,0,1,1,1),(155,155,1,1,1,0,3,0),(156,156,0,0,0,0,2,0),(157,157,0,0,1,0,4,0),(158,158,1,0,0,0,5,0),(159,159,1,1,1,0,3,0),(160,160,0,0,0,0,0,0),(161,155,0,0,0,0,2,0),(162,162,0,0,1,0,3,0),(163,163,1,0,1,0,1,0),(164,61,1,1,0,0,2,0),(165,165,0,1,1,0,7,0),(166,165,0,0,1,0,2,0),(167,160,1,1,1,0,0,0),(168,168,0,0,1,0,6,0),(169,168,0,0,0,0,0,0),(170,170,0,0,0,0,7,0),(171,171,0,1,1,0,6,0),(172,172,0,0,1,0,5,0),(173,173,0,1,0,1,3,1),(174,174,0,0,0,1,2,1),(175,175,1,1,0,0,6,0),(176,176,0,0,1,0,7,0),(177,177,1,1,1,0,2,0),(178,178,0,0,0,0,2,0),(179,179,1,0,1,0,1,0),(180,180,1,1,1,0,0,0),(181,181,0,1,0,0,4,0),(182,182,0,1,1,0,7,0),(183,183,0,1,0,0,7,0),(184,184,1,0,0,0,7,0),(185,185,1,0,0,0,1,0),(186,186,0,1,0,0,4,0),(187,187,1,1,0,0,6,0),(188,188,1,1,1,0,1,0),(189,189,1,0,0,0,4,0),(190,190,1,0,0,0,2,0),(191,191,0,0,0,0,3,0),(192,192,0,1,1,0,3,0),(193,193,1,0,1,0,5,0),(194,194,1,0,0,0,5,0),(195,195,0,1,0,0,5,0),(196,196,0,1,1,0,1,0),(197,197,1,0,0,0,6,0),(198,198,1,0,1,0,6,0),(199,199,1,1,1,0,0,0),(200,200,1,1,1,0,6,0),(201,201,0,0,1,0,7,0),(202,202,1,0,1,0,5,0),(203,203,0,0,1,0,2,0),(204,204,0,1,0,0,5,0),(205,205,1,0,0,0,5,0),(206,206,1,1,0,0,7,0),(207,207,1,0,0,1,0,1),(208,208,1,1,0,1,3,1),(209,209,0,1,0,1,5,1),(210,210,0,0,0,0,7,0),(211,211,0,1,0,0,3,0),(212,212,1,0,0,0,3,0),(213,213,1,1,0,0,2,0),(214,214,0,0,0,0,7,0),(215,215,0,0,0,0,6,0),(216,216,0,0,1,0,4,0),(217,217,1,1,0,0,0,0),(218,218,0,1,0,0,4,0),(219,219,0,0,1,0,6,0),(220,220,1,0,0,0,4,0),(221,221,1,0,1,0,7,0),(222,222,0,0,0,0,3,0),(223,223,1,1,0,0,2,0),(224,224,0,1,1,0,1,0),(225,225,0,0,0,0,4,0),(226,226,1,0,1,0,0,0),(227,227,1,1,1,0,7,0),(228,228,1,0,1,0,2,0),(229,229,0,1,0,0,1,0),(230,230,0,0,0,0,6,0),(231,231,1,1,1,0,5,0),(232,232,1,1,1,0,3,0),(233,233,0,0,1,0,4,0),(234,234,0,1,0,0,6,0),(235,235,1,1,1,0,3,0),(236,236,1,0,0,0,7,0),(237,237,0,0,0,0,1,0),(238,238,0,1,1,0,5,0),(239,71,0,0,1,0,1,0),(240,240,0,1,1,0,2,0),(241,179,1,0,0,0,0,0),(242,242,1,0,0,0,2,0),(243,243,0,0,0,0,2,0),(244,244,0,0,1,0,5,0),(245,245,0,0,0,0,4,0),(246,246,0,1,1,0,3,0),(247,247,1,0,0,0,7,0),(248,248,0,1,1,0,7,0),(249,249,1,0,1,0,1,0),(250,250,0,0,1,0,2,0),(251,251,1,1,0,0,0,0),(252,252,1,0,1,0,6,0),(253,253,0,0,1,0,3,0),(254,254,1,1,1,0,3,0),(255,255,1,0,1,0,0,0),(256,256,1,0,0,0,0,0),(257,257,0,0,0,0,6,0),(258,258,1,1,1,0,1,0),(259,259,1,0,0,0,6,0),(260,260,1,1,0,0,4,0),(261,5,0,0,1,0,7,0),(262,262,0,1,1,0,1,0),(263,263,0,0,1,0,4,0),(264,264,1,1,1,0,4,0),(265,265,1,1,1,0,6,0),(266,7,1,0,0,0,0,0),(267,267,1,1,0,0,6,0),(268,268,0,0,0,0,5,0),(269,269,0,0,0,0,0,0),(270,270,1,1,1,0,0,0),(271,271,1,0,1,0,7,0),(272,272,0,1,1,0,4,0),(273,273,0,1,1,0,2,0),(274,274,0,0,0,0,3,0),(275,275,0,1,0,0,5,0),(276,276,0,0,1,0,6,0),(277,277,1,1,1,0,7,0),(278,87,1,1,0,1,0,1),(279,279,0,1,0,1,0,1),(280,280,0,0,0,0,5,0),(281,281,0,1,0,0,6,0),(282,282,0,0,0,0,3,0),(283,283,1,0,1,0,3,0),(284,284,1,1,0,0,6,0),(285,285,0,0,1,0,7,0),(286,286,1,1,0,0,5,0),(287,287,1,0,0,0,4,0),(288,288,0,1,1,0,1,0),(289,33,0,0,0,0,2,0),(290,290,0,0,1,0,2,0),(291,291,1,0,0,0,5,0),(292,292,0,0,1,0,1,0),(293,293,0,1,1,0,7,0),(294,294,1,0,0,0,6,0),(295,295,1,1,0,0,2,0),(296,296,0,0,0,0,2,0),(297,297,1,0,0,0,3,0),(298,298,0,0,1,0,7,0),(299,207,0,1,0,0,3,0),(300,300,0,0,0,0,2,0),(301,301,1,1,0,0,4,0),(302,93,1,0,1,0,1,0),(303,303,0,0,1,0,6,0),(304,304,1,1,0,0,3,0),(305,27,1,0,1,0,1,0),(306,306,1,0,1,0,1,0),(307,307,1,0,1,0,4,0),(308,308,1,0,1,0,2,0),(309,309,0,0,1,0,3,0),(310,310,0,1,1,0,3,0),(311,62,1,1,0,0,5,0),(312,312,1,1,0,0,5,0),(313,313,1,0,0,0,2,0),(314,314,0,1,0,0,6,0),(315,315,1,1,1,0,7,0),(316,70,0,0,0,0,7,0),(317,317,1,0,0,0,7,0),(318,318,1,0,1,0,5,0),(319,319,0,1,0,0,5,0),(320,320,1,0,0,0,7,0),(321,321,0,1,1,0,6,0),(322,322,0,1,0,0,4,0),(323,323,0,0,1,0,1,0),(324,324,1,0,1,0,5,0),(325,325,0,0,1,0,7,0),(326,326,1,1,1,0,2,0),(327,327,0,0,0,0,5,0),(328,328,0,0,1,0,3,0),(329,329,0,1,0,0,3,0),(330,330,1,0,0,0,4,0),(331,331,0,1,0,0,3,0),(332,332,1,0,1,0,2,0),(333,333,1,1,1,0,2,0),(334,207,1,0,0,0,3,0),(335,335,1,0,1,0,7,0),(336,336,0,1,1,0,0,0),(337,337,1,0,1,0,2,0),(338,338,1,0,1,0,3,0),(339,339,0,1,0,0,1,0),(340,340,0,1,0,0,7,0),(341,341,0,0,1,0,1,0),(342,342,0,0,1,0,3,0),(343,343,0,1,1,0,3,0),(344,344,1,1,1,0,7,0),(345,345,1,0,0,0,5,0),(346,346,0,1,1,0,5,0),(347,347,0,1,0,0,0,0),(348,348,0,1,1,0,0,0),(349,349,1,0,0,0,4,0),(350,350,1,0,0,0,0,0),(351,351,1,0,1,0,7,0),(352,352,0,0,1,0,2,0),(353,353,0,0,0,0,1,0),(354,354,0,0,1,0,6,0),(355,355,1,1,0,0,7,0),(356,356,1,0,0,0,2,0),(357,357,0,0,1,0,3,0),(358,207,0,0,1,0,5,0),(359,359,1,1,0,0,4,0),(360,360,0,0,0,0,1,0),(361,361,1,1,1,0,7,0),(362,362,1,0,0,0,7,0),(363,93,0,0,0,0,1,0),(364,13,1,1,1,0,1,0),(365,365,1,1,0,0,5,0),(366,366,1,0,0,0,2,0),(367,367,0,0,0,0,3,0),(368,368,1,1,1,0,1,0),(369,120,0,0,1,0,1,0),(370,370,0,0,1,0,3,0),(371,24,0,0,1,0,1,0),(372,372,1,0,1,0,3,0),(373,373,1,1,1,1,1,1),(374,374,0,1,0,1,4,1),(375,375,1,1,0,1,1,1),(376,376,0,0,0,0,1,0),(377,377,1,1,0,0,5,0),(378,141,0,1,0,0,6,0),(379,379,0,1,1,0,0,0),(380,380,0,0,0,0,0,0),(381,381,1,0,0,0,5,0),(382,382,0,0,0,0,0,0),(383,383,0,1,1,0,0,0),(384,384,1,1,1,0,4,0),(385,385,1,1,0,0,3,0),(386,386,1,1,0,1,1,1),(387,387,0,0,0,1,0,1),(388,388,0,1,0,1,7,1),(389,388,0,0,0,1,4,1),(390,152,0,0,1,1,6,1),(391,391,0,0,1,1,4,1),(392,155,0,0,0,0,5,0),(393,155,1,1,1,0,0,0),(394,394,0,0,0,0,4,0),(395,395,1,0,1,0,5,0),(396,396,1,1,1,0,0,0),(397,397,1,1,1,0,5,0),(398,398,1,0,1,0,3,0),(399,399,1,0,0,0,1,0),(400,400,1,0,0,0,5,0),(401,401,0,1,0,0,7,0),(402,170,1,0,0,0,0,0),(403,403,1,1,0,0,4,0),(404,404,0,0,1,1,7,1),(405,405,1,0,0,1,5,1),(406,406,0,1,0,1,7,1),(407,407,0,1,1,1,1,1),(408,408,0,1,0,1,5,1),(409,409,0,1,0,0,2,0),(410,410,1,1,0,0,6,0),(411,411,1,1,0,0,2,0),(412,412,0,1,0,0,4,0),(413,413,1,0,0,0,2,0),(414,414,0,1,1,0,2,0),(415,414,0,1,1,0,7,0),(416,416,0,1,1,0,4,0),(417,417,0,0,0,0,6,0),(418,418,0,1,0,0,7,0),(419,419,0,0,0,0,6,0),(420,419,0,0,1,0,5,0),(421,421,0,1,1,0,2,0),(422,422,1,0,0,0,2,0),(423,190,1,1,0,0,3,0),(424,424,0,0,0,0,6,0),(425,425,0,1,0,0,1,0),(426,195,1,1,1,0,1,0),(427,427,0,1,1,0,0,0),(428,428,1,0,1,0,4,0),(429,429,1,0,0,0,7,0),(430,430,1,0,0,0,3,0),(431,431,1,1,0,0,1,0),(432,432,0,0,1,0,2,0),(433,433,1,0,1,0,6,0),(434,430,1,1,0,0,2,0),(435,435,0,0,0,1,4,1),(436,436,0,1,0,1,0,1),(437,437,0,0,1,1,3,1),(438,438,1,1,1,1,3,1),(439,439,0,0,0,0,7,0),(440,440,0,1,0,0,1,0),(441,441,1,0,1,0,1,0),(442,442,1,1,1,0,4,0),(443,443,1,0,0,0,0,0),(444,444,0,0,0,0,2,0),(445,445,1,1,1,0,0,0),(446,446,0,1,0,1,2,1),(447,447,1,1,1,1,3,1),(448,92,1,1,0,1,2,1),(449,449,0,1,1,1,5,1),(450,450,0,1,1,0,2,0),(451,451,0,0,1,0,0,0),(452,452,1,1,0,0,0,0),(453,453,0,0,1,0,0,0),(454,454,0,0,0,0,4,0),(455,207,0,0,0,0,2,0),(456,456,0,1,1,0,6,0),(457,361,1,1,1,0,3,0),(458,458,1,0,0,0,5,0),(459,459,0,0,1,0,7,0),(460,460,1,0,0,0,0,0),(461,461,0,1,0,0,3,0),(462,462,0,0,0,0,4,0),(463,463,0,0,1,0,2,0),(464,464,1,0,0,0,3,0),(465,465,1,1,0,0,7,0),(466,466,1,0,0,0,1,0),(467,93,0,1,1,0,0,0),(468,468,0,1,0,0,5,0),(469,220,0,1,1,0,7,0),(470,470,0,1,0,0,7,0),(471,471,0,0,1,0,0,0),(472,472,0,1,0,0,3,0),(473,473,0,0,0,0,0,0),(474,474,1,1,0,0,7,0),(475,475,1,1,0,0,1,0),(476,476,1,1,0,0,0,0),(477,477,0,1,0,0,0,0),(478,478,0,0,1,0,0,0),(479,479,0,1,0,0,3,0),(480,480,0,1,1,0,3,0),(481,481,0,1,1,0,3,0),(482,482,0,0,0,0,1,0),(483,483,0,1,1,0,2,0),(484,484,0,0,0,0,1,0),(485,485,1,1,0,0,0,0),(486,486,0,1,1,0,0,0),(487,487,1,1,1,0,1,0),(488,488,1,0,1,0,0,0),(489,489,1,0,1,0,3,0),(490,490,0,1,1,0,6,0),(491,234,1,0,0,0,3,0),(492,492,0,0,0,0,2,0),(493,234,0,1,1,0,0,0),(494,494,0,1,1,0,3,0),(495,495,0,1,1,0,0,0),(496,496,0,1,0,0,6,0),(497,497,1,1,1,0,4,0),(498,498,0,0,0,0,4,0),(499,373,1,1,1,0,3,0),(500,500,1,0,1,0,6,0),(501,501,0,1,0,0,4,0),(502,502,0,0,0,0,7,0),(503,245,0,1,1,0,6,0),(504,504,1,0,1,0,2,0),(505,505,1,1,0,0,1,0),(506,506,1,0,0,0,5,0),(507,507,1,0,1,0,2,0),(508,508,0,0,0,0,7,0),(509,509,0,0,0,0,0,0),(510,510,1,0,1,0,1,0),(511,6,1,0,1,0,0,0),(512,7,1,1,1,0,6,0),(513,513,1,1,0,0,2,0),(514,514,0,1,0,0,3,0),(515,515,0,0,0,0,5,0),(516,516,1,1,0,0,4,0),(517,517,0,0,0,0,7,0),(518,271,1,1,1,0,7,0),(519,519,1,1,1,0,4,0),(520,520,1,0,1,0,3,0),(521,521,0,1,0,0,3,0),(522,522,0,1,0,0,0,0),(523,523,0,1,1,0,2,0),(524,524,1,0,0,0,6,0),(525,525,0,0,0,0,1,0),(526,526,0,1,1,1,4,1),(527,527,1,1,1,1,4,1),(528,528,1,1,0,0,2,0),(529,529,0,1,0,0,0,0),(530,17,1,1,0,0,6,0),(531,282,1,1,1,0,7,0),(532,532,0,0,1,0,6,0),(533,533,1,1,0,0,1,0),(534,534,0,0,0,0,6,0),(535,535,1,1,0,0,6,0),(536,536,1,1,0,0,2,0),(537,537,0,1,1,0,1,0),(538,538,1,0,1,0,3,0),(539,539,1,0,1,0,1,0),(540,540,0,0,1,0,0,0),(541,541,1,0,0,0,4,0),(542,542,1,0,0,0,1,0),(543,543,0,0,0,0,2,0),(544,544,0,0,1,0,5,0),(545,545,1,1,0,0,4,0),(546,546,0,1,0,0,4,0),(547,547,0,0,1,0,7,0),(548,297,0,1,0,0,3,0),(549,549,1,0,1,0,4,0),(550,550,0,1,0,0,1,0),(551,551,0,0,1,0,2,0),(552,552,1,1,0,0,2,0),(553,553,0,0,1,0,6,0),(554,554,0,1,0,0,4,0),(555,24,0,1,0,0,3,0),(556,556,1,0,1,0,5,0),(557,55,1,1,1,0,6,0),(558,558,0,0,1,0,3,0),(559,559,0,0,0,0,0,0),(560,560,0,0,1,0,7,0),(561,561,1,0,1,0,7,0),(562,562,0,0,1,0,6,0),(563,563,1,0,0,0,3,0),(564,564,1,1,1,0,0,0),(565,565,1,1,1,0,7,0),(566,191,0,1,0,0,6,0),(567,13,0,1,0,0,2,0),(568,568,1,1,1,0,4,0),(569,569,1,1,1,0,1,0),(570,64,1,1,0,0,3,0),(571,571,0,1,0,0,3,0),(572,572,0,1,1,0,2,0),(573,573,0,0,0,0,3,0),(574,574,1,0,1,0,4,0),(575,22,1,1,0,0,7,0),(576,576,0,0,0,0,4,0),(577,577,0,0,1,0,3,0),(578,552,0,0,1,0,7,0),(579,517,1,0,0,0,5,0),(580,580,1,1,1,0,4,0),(581,581,1,1,0,0,4,0),(582,582,0,0,1,0,3,0),(583,583,0,0,0,0,3,0),(584,449,1,1,0,0,3,0),(585,360,1,0,0,0,2,0),(586,586,0,1,0,0,1,0),(587,587,0,1,1,0,5,0),(588,83,0,0,1,0,7,0),(589,589,0,1,1,0,6,0),(590,590,0,1,0,0,2,0),(591,591,1,1,0,0,4,0),(592,91,1,0,0,0,3,0),(593,593,0,1,0,0,0,0),(594,594,1,0,0,0,2,0),(595,595,0,1,1,0,6,0),(596,596,1,0,1,0,5,0),(597,597,0,0,0,0,6,0),(598,598,1,0,1,0,6,0),(599,598,1,1,1,0,6,0),(600,600,0,1,1,0,6,0),(601,601,0,1,0,0,3,0),(602,602,0,0,1,0,7,0),(603,603,0,1,1,0,1,0),(604,604,0,0,0,0,1,0),(605,605,1,1,1,0,4,0),(606,347,1,1,0,0,5,0),(607,110,1,1,1,0,3,0),(608,608,0,1,1,0,4,0),(609,609,0,0,0,0,5,0),(610,610,1,1,1,0,6,0),(611,611,0,1,0,0,7,0),(612,612,0,0,0,0,1,0),(613,613,1,0,0,0,7,0),(614,10,0,0,1,0,5,0),(615,615,0,1,0,0,0,0),(616,616,0,0,0,0,6,0),(617,617,0,1,0,0,3,0),(618,190,1,1,1,0,1,0),(619,619,0,0,0,0,4,0),(620,361,0,0,0,0,1,0),(621,621,1,0,0,0,3,0),(622,357,0,1,0,0,4,0),(623,623,0,0,1,0,5,0),(624,624,1,1,1,0,7,0),(625,625,1,1,1,0,3,0),(626,626,1,1,1,0,5,0),(627,627,1,0,0,0,4,0),(628,628,0,1,0,0,7,0),(629,629,0,0,0,0,4,0),(630,63,1,0,0,0,4,0),(631,26,1,0,0,0,0,0),(632,632,0,1,1,0,0,0),(633,633,1,0,1,0,0,0),(634,634,1,0,0,1,3,1),(635,635,0,0,0,0,7,0),(636,636,1,1,1,0,7,0),(637,637,0,0,1,0,3,0),(638,638,0,0,0,0,4,0),(639,639,1,1,0,0,7,0),(640,640,1,0,0,0,1,0),(641,641,0,0,1,0,3,0),(642,642,1,1,0,0,5,0),(643,643,0,1,1,1,1,1),(644,644,1,0,0,1,7,1),(645,645,0,1,0,1,3,1),(646,147,0,0,0,1,4,1),(647,160,1,1,1,0,5,0),(648,162,0,0,1,0,7,0),(649,401,0,0,1,0,0,0),(650,650,1,1,1,0,4,0),(651,651,0,0,0,0,6,0),(652,652,0,0,1,0,3,0),(653,653,1,1,0,0,4,0),(654,654,1,0,0,0,4,0),(655,160,1,1,0,0,3,0),(656,656,1,1,0,0,1,0),(657,160,0,0,1,0,1,0),(658,658,0,1,0,0,3,0),(659,659,0,1,0,0,5,0),(660,660,0,0,0,0,0,0),(661,661,1,0,1,0,5,0),(662,662,1,1,0,0,7,0),(663,663,1,0,0,0,0,0),(664,172,1,0,0,0,3,0),(665,665,1,0,1,1,2,1),(666,666,0,1,1,1,6,1),(667,667,0,0,0,1,7,1),(668,668,0,1,1,0,7,0),(669,669,1,0,1,0,0,0),(670,670,0,1,0,0,5,0),(671,671,1,0,1,0,4,0),(672,672,1,1,1,0,1,0),(673,673,1,1,0,0,5,0),(674,674,1,1,0,0,2,0),(675,675,0,1,1,0,7,0),(676,676,1,0,0,0,0,0),(677,10,0,1,0,0,7,0),(678,519,1,0,1,0,3,0),(679,128,0,1,1,0,3,0),(680,120,0,1,0,0,0,0),(681,190,0,0,0,0,1,0),(682,682,0,1,1,0,3,0),(683,683,1,1,1,0,6,0),(684,643,1,0,0,0,5,0),(685,685,1,0,0,0,0,0),(686,686,1,0,0,0,0,0),(687,627,0,0,1,0,5,0),(688,688,1,0,0,0,7,0),(689,689,1,0,0,0,3,0),(690,690,1,0,0,0,0,0),(691,691,0,1,0,1,2,1),(692,692,0,1,0,0,5,0),(693,443,1,0,0,0,5,0),(694,694,0,1,0,0,3,0),(695,695,1,1,0,0,0,0),(696,696,0,1,1,0,3,0),(697,419,1,0,0,0,4,0),(698,698,0,0,0,0,7,0),(699,699,1,1,0,0,7,0),(700,700,0,1,0,0,3,0),(701,701,1,0,0,0,2,0),(702,702,0,1,1,0,5,0),(703,702,1,1,0,0,7,0),(704,704,0,0,0,0,7,0),(705,453,1,1,1,0,6,0),(706,706,0,1,1,0,7,0),(707,707,0,0,1,0,5,0),(708,708,0,0,0,0,7,0),(709,709,1,0,1,0,2,0),(710,710,0,1,0,0,4,0),(711,711,1,0,0,0,5,0),(712,291,1,0,0,0,3,0),(713,713,0,0,0,0,7,0),(714,714,0,0,1,0,3,0),(715,449,1,1,0,0,7,0),(716,716,0,0,1,0,7,0),(717,300,0,1,0,0,6,0),(718,220,0,1,1,0,7,0),(719,719,0,1,0,0,7,0),(720,720,1,1,1,0,5,0),(721,228,0,0,0,0,6,0),(722,722,1,1,0,0,1,0),(723,229,0,1,1,0,2,0),(724,724,0,1,1,0,2,0),(725,725,0,1,1,0,4,0),(726,695,1,0,0,0,2,0),(727,233,0,1,1,0,5,0),(728,728,1,0,1,0,7,0),(729,729,1,0,0,0,5,0),(730,730,0,1,0,0,5,0),(731,731,0,0,1,0,4,0),(732,732,0,0,1,0,7,0),(733,733,0,1,0,0,5,0),(734,734,1,0,1,0,6,0),(735,735,1,1,0,0,2,0),(736,238,1,0,1,0,3,0),(737,737,0,1,1,0,5,0),(738,738,1,0,0,0,7,0),(739,739,1,0,0,0,2,0),(740,740,0,0,1,0,7,0),(741,741,0,0,0,0,1,0),(742,742,0,0,1,0,0,0),(743,247,0,0,1,0,6,0),(744,744,0,1,1,0,1,0),(745,745,0,1,0,0,1,0),(746,746,1,0,1,0,3,0),(747,120,0,1,1,0,0,0),(748,192,1,0,1,0,5,0),(749,749,1,1,1,0,4,0),(750,13,0,1,0,0,6,0),(751,13,1,0,1,0,6,0),(752,752,0,1,1,0,0,0),(753,753,1,0,1,0,5,0),(754,754,1,1,1,0,3,0),(755,755,1,0,1,0,6,0),(756,756,0,0,1,0,4,0),(757,757,0,0,1,0,1,0),(758,758,1,1,0,0,0,0),(759,5,1,0,1,0,6,0),(760,760,0,0,0,0,6,0),(761,761,0,1,0,0,2,0),(762,762,0,0,1,0,3,0),(763,763,0,0,1,0,4,0),(764,764,0,1,0,0,6,0),(765,192,0,1,0,0,6,0),(766,766,0,0,0,0,4,0),(767,767,1,0,0,0,7,0),(768,192,1,1,0,0,7,0),(769,769,1,1,1,0,6,0),(770,770,1,1,1,0,4,0),(771,190,0,0,0,0,5,0),(772,321,1,0,1,0,7,0),(773,517,0,0,1,0,4,0),(774,774,1,0,0,0,0,0),(775,276,0,1,1,0,4,0),(776,776,1,1,0,1,2,1),(777,777,0,1,0,1,3,1),(778,778,1,1,0,1,3,1),(779,779,0,0,1,1,1,1),(780,780,1,1,1,0,1,0),(781,781,1,1,1,0,4,0),(782,782,1,1,1,0,0,0),(783,783,1,0,0,0,7,0),(784,784,1,0,1,0,0,0),(785,785,0,1,0,0,2,0),(786,414,0,1,1,0,0,0),(787,787,0,0,1,0,1,0),(788,788,0,0,1,0,1,0),(789,789,1,1,0,0,5,0),(790,790,1,0,1,0,7,0),(791,791,1,0,0,0,3,0),(792,792,1,1,0,0,1,0),(793,793,0,1,0,0,3,0),(794,794,0,0,0,0,3,0),(795,795,0,0,0,0,1,0),(796,796,0,0,0,0,3,0),(797,797,0,0,0,0,4,0),(798,798,1,1,1,0,0,0),(799,799,1,1,0,0,7,0),(800,800,0,1,1,0,1,0),(801,546,0,0,1,0,3,0),(802,802,0,0,0,0,4,0),(803,803,0,0,0,0,6,0),(804,804,1,1,0,0,4,0),(805,93,1,0,1,0,6,0),(806,135,0,1,1,0,4,0),(807,136,1,1,1,0,0,0),(808,808,1,0,1,0,3,0),(809,809,1,0,1,0,1,0),(810,810,0,1,1,0,1,0),(811,811,1,0,1,0,3,0),(812,812,0,0,1,0,7,0),(813,813,0,0,0,0,6,0),(814,814,1,1,0,0,3,0),(815,815,1,0,1,0,4,0),(816,816,1,1,0,0,2,0),(817,817,1,1,1,0,4,0),(818,818,0,0,0,0,7,0),(819,819,0,0,0,0,6,0),(820,71,0,0,1,0,0,0),(821,821,1,1,0,0,1,0),(822,822,1,1,0,0,0,0),(823,823,1,0,0,0,5,0),(824,824,1,1,0,0,3,0),(825,825,1,0,0,0,6,0),(826,826,1,0,0,0,7,0),(827,784,1,1,0,0,0,0),(828,828,0,1,1,0,6,0),(829,829,1,0,1,0,4,0),(830,830,1,0,1,0,5,0),(831,831,1,0,1,0,5,0),(832,832,1,0,0,0,2,0),(833,833,0,0,0,0,1,0),(834,834,1,1,1,0,2,0),(835,282,0,0,1,0,3,0),(836,836,1,0,1,0,3,0),(837,837,1,1,1,0,0,0),(838,207,1,1,0,0,5,0),(839,839,0,1,0,0,2,0),(840,840,0,0,1,0,2,0),(841,841,1,1,1,0,0,0),(842,842,1,1,1,0,1,0),(843,843,1,0,0,0,3,0),(844,844,0,1,0,0,1,0),(845,845,1,0,0,0,6,0),(846,846,1,1,1,0,2,0),(847,847,0,1,0,0,6,0),(848,108,0,1,1,0,4,0),(849,849,0,0,1,0,1,0),(850,850,0,0,1,0,1,0),(851,851,0,1,0,0,0,0),(852,852,1,1,0,0,7,0),(853,853,1,1,1,0,4,0),(854,61,0,1,1,0,3,0),(855,855,1,1,0,0,7,0),(856,856,1,0,0,0,0,0),(857,857,1,1,1,0,2,0),(858,858,0,1,0,0,1,0),(859,859,1,1,1,0,3,0),(860,621,0,0,0,0,3,0),(861,120,1,1,0,0,6,0),(862,862,1,0,1,0,0,0),(863,863,0,0,0,0,3,0),(864,864,1,0,0,0,3,0),(865,865,0,0,1,0,2,0),(866,866,0,0,0,0,5,0),(867,867,0,1,0,0,2,0),(868,868,1,1,0,0,7,0),(869,63,0,0,1,0,0,0),(870,120,1,1,0,0,3,0),(871,871,0,1,0,0,1,0),(872,872,0,0,1,0,5,0),(873,873,1,1,1,0,7,0),(874,874,0,0,1,1,5,1),(875,875,0,0,1,1,3,1),(876,738,1,0,1,1,4,1),(877,142,1,1,0,0,6,0),(878,878,1,1,1,0,7,0),(879,142,1,0,1,0,6,0),(880,880,0,0,0,0,0,0),(881,881,1,0,1,0,0,0),(882,419,0,1,1,0,2,0),(883,883,1,1,1,0,2,0),(884,884,1,1,1,1,2,1),(885,885,1,0,0,1,4,1),(886,886,1,1,1,1,6,1),(887,887,1,1,1,0,7,0),(888,888,1,1,0,0,6,0),(889,889,1,1,0,0,3,0),(890,890,1,1,1,0,6,0),(891,891,1,0,0,0,1,0),(892,396,1,0,0,0,0,0),(893,893,0,1,0,0,4,0),(894,158,0,0,1,0,5,0),(895,895,0,1,0,0,0,0),(896,896,0,0,0,0,6,0),(897,897,0,0,0,0,5,0),(898,159,1,0,0,0,4,0),(899,899,1,0,1,0,7,0),(900,900,0,0,0,1,3,1),(901,901,0,0,0,1,7,1),(902,902,1,0,1,1,6,1),(903,903,1,0,0,1,1,1),(904,904,0,0,0,0,6,0),(905,905,1,1,0,0,4,0),(906,260,1,1,0,0,4,0),(907,738,1,1,1,0,1,0),(908,908,1,0,0,0,1,0),(909,909,0,0,1,0,3,0),(910,910,0,1,1,0,6,0),(911,911,0,0,0,0,7,0),(912,912,1,1,0,0,6,0),(913,913,1,1,0,0,2,0),(914,914,1,1,0,0,1,0),(915,915,0,0,1,0,3,0),(916,185,1,0,0,0,7,0),(917,917,1,0,0,0,5,0),(918,918,0,1,1,0,3,0),(919,919,1,1,1,0,5,0),(920,920,1,0,1,0,7,0),(921,519,1,0,1,0,5,0),(922,922,1,1,0,0,5,0),(923,923,0,0,1,0,1,0),(924,924,1,0,0,0,3,0),(925,925,1,0,1,0,1,0),(926,926,0,0,0,0,7,0),(927,927,1,0,1,0,0,0),(928,928,1,0,1,1,6,1),(929,929,1,1,0,0,3,0),(930,929,0,0,0,0,0,0),(931,931,0,0,0,0,7,0),(932,932,1,0,1,0,2,0),(933,933,1,1,1,0,4,0),(934,934,0,1,1,0,0,0),(935,935,0,1,1,0,0,0),(936,936,0,0,0,0,4,0),(937,937,1,1,0,0,0,0),(938,938,1,0,1,0,7,0),(939,695,1,1,1,0,3,0),(940,940,1,1,1,0,1,0),(941,941,0,1,0,0,5,0),(942,942,0,0,0,0,4,0),(943,695,0,1,0,0,5,0),(944,93,1,0,1,1,6,1),(945,945,0,0,1,1,4,1),(946,856,0,0,0,1,3,1),(947,947,1,0,0,1,7,1),(948,856,1,1,1,1,0,1),(949,949,0,0,0,1,2,1),(950,384,0,0,0,0,3,0),(951,951,1,1,0,0,6,0),(952,952,0,0,0,0,0,0),(953,953,1,1,0,0,3,0),(954,954,0,0,0,0,4,0),(955,621,0,0,0,0,6,0),(956,956,1,1,0,0,2,0),(957,957,1,1,1,0,4,0),(958,462,0,0,0,0,5,0),(959,959,0,1,1,0,5,0),(960,960,1,0,1,0,6,0),(961,961,1,0,1,0,7,0),(962,621,1,0,0,0,1,0),(963,963,1,0,0,0,0,0),(964,964,1,0,0,0,7,0),(965,965,0,1,0,0,2,0),(966,966,1,1,1,0,2,0),(967,967,1,0,0,0,0,0),(968,968,1,1,0,0,7,0),(969,223,0,1,1,0,1,0),(970,970,1,0,0,0,1,0),(971,971,0,0,1,0,1,0),(972,972,0,1,1,0,0,0),(973,973,0,0,0,0,1,0),(974,974,1,0,0,0,1,0),(975,476,1,0,0,0,6,0),(976,976,0,1,1,0,4,0),(977,977,0,0,0,0,0,0),(978,488,1,1,0,0,6,0),(979,979,0,0,1,0,1,0),(980,980,0,0,0,0,4,0),(981,981,1,1,1,0,6,0),(982,982,0,1,1,0,3,0),(983,732,0,1,0,0,5,0),(984,984,0,0,1,0,3,0),(985,985,0,0,1,0,4,0),(986,986,1,0,0,0,7,0),(987,987,0,0,0,0,7,0),(988,988,0,1,0,0,4,0),(989,989,1,0,0,0,5,0),(990,990,1,1,1,0,7,0),(991,991,0,1,1,0,5,0),(992,992,0,0,0,0,5,0),(993,502,0,0,1,0,7,0),(994,994,0,1,0,0,5,0),(995,995,0,0,0,0,7,0),(996,996,0,1,0,0,6,0),(997,997,1,0,0,0,3,0),(998,998,0,0,1,0,1,0),(999,999,1,0,1,0,5,0),(1000,1000,1,0,0,0,0,0);
/*!40000 ALTER TABLE `MentalHealth` ENABLE KEYS */;
UNLOCK TABLES;

--
-- Table structure for table `Student`
--

DROP TABLE IF EXISTS `Student`;
/*!40101 SET @saved_cs_client     = @@character_set_client */;
/*!50503 SET character_set_client = utf8mb4 */;
CREATE TABLE `Student` (
  `StudentID` int NOT NULL AUTO_INCREMENT,
  `Gender` enum('Male','Female') NOT NULL,
  `Age` int NOT NULL,
  `Course` varchar(255) NOT NULL,
  `YearOfStudy` varchar(50) NOT NULL,
  `CGPA` decimal(4,2) NOT NULL,
  PRIMARY KEY (`StudentID`)
) ENGINE=InnoDB AUTO_INCREMENT=1024 DEFAULT CHARSET=utf8mb4 COLLATE=utf8mb4_0900_ai_ci;
/*!40101 SET character_set_client = @saved_cs_client */;

--
-- Dumping data for table `Student`
--

LOCK TABLES `Student` WRITE;
/*!40000 ALTER TABLE `Student` DISABLE KEYS */;
INSERT INTO `Student` VALUES (1,'Female',24,'Biotechnology','Year 3',2.38),(2,'Female',18,'Biotechnology','Year 3',4.00),(3,'Female',25,'Biotechnology','Year 3',3.68),(4,'Female',18,'Engineering','year 4',4.00),(5,'Female',20,'Engineering','year 4',2.00),(6,'Female',19,'Engineering','year 4',4.00),(7,'Female',25,'Communication','Year 2',2.00),(8,'Female',24,'Diploma Nursing','year 2',2.72),(9,'Female',24,'Pendidikan Islam','Year 2',2.30),(10,'Female',19,'Engineering','year 1',4.00),(11,'Female',21,'Pendidikan Islam','Year 2',4.00),(12,'Female',18,'Diploma Nursing','year 2',2.00),(13,'Female',20,'Engineering','year 1',4.00),(14,'Male',23,'Radiography','year 1',2.00),(15,'Male',23,'Radiography','year 1',2.84),(16,'Female',18,'psychology','year 1',3.28),(17,'Female',19,'Fiqh fatwa','Year 3',4.00),(18,'Female',20,'Fiqh fatwa','Year 3',2.12),(19,'Female',25,'psychology','year 1',2.00),(20,'Female',21,'psychology','year 1',4.00),(21,'Male',24,'BIT','year 1',2.59),(22,'Male',23,'BIT','year 1',4.00),(23,'Male',25,'BIT','year 1',3.98),(24,'Male',18,'Engineering','Year 2',4.00),(25,'Male',20,'Engineering','Year 2',3.51),(26,'Male',25,'Engineering','Year 2',2.00),(27,'Male',19,'Engineering','Year 2',2.00),(28,'Female',19,'DIPLOMA TESL','Year 3',3.12),(29,'Female',22,'DIPLOMA TESL','Year 3',4.00),(30,'Male',23,'Koe','Year 2',2.00),(31,'Male',22,'Koe','Year 2',2.89),(32,'Male',18,'Koe','Year 2',2.00),(33,'Male',20,'Koe','Year 2',2.00),(34,'Male',20,'Koe','Year 2',2.00),(35,'Female',20,'KOE','year 2',4.00),(36,'Female',19,'KOE','year 2',2.00),(37,'Female',20,'KOE','year 2',4.00),(38,'Female',22,'BENL','year 1',2.00),(39,'Female',25,'Fiqh','Year 3',4.00),(40,'Female',20,'Fiqh','Year 3',4.00),(41,'Female',22,'Fiqh','Year 3',3.38),(42,'Female',18,'Islamic Education','year 1',3.61),(43,'Female',22,'Islamic Education','year 1',3.77),(44,'Female',23,'Islamic Education','year 1',3.47),(45,'Female',21,'BCS','year 1',2.58),(46,'Female',25,'BCS','year 1',3.36),(47,'Male',20,'Engineering','Year 2',2.89),(48,'Male',18,'Engineering','Year 2',4.00),(49,'Male',21,'Engineering','Year 2',3.50),(50,'Male',21,'Engineering','Year 2',2.38),(51,'Female',25,'Nursing','Year 3',4.00),(52,'Female',25,'Nursing','Year 3',3.39),(53,'Female',24,'Nursing','Year 3',4.00),(54,'Female',20,'Nursing','Year 3',3.95),(55,'Female',22,'Nursing','Year 3',4.00),(56,'Female',25,'Nursing','Year 3',2.00),(57,'Female',23,'Pendidikan Islam','year 4',3.25),(58,'Female',23,'Pendidikan Islam','year 4',3.12),(59,'Male',20,'Biomedical science','Year 2',2.00),(60,'Female',18,'Engineering','year 1',3.25),(61,'Female',22,'Engineering','year 1',2.00),(62,'Female',21,'Engineering','year 1',2.00),(63,'Female',21,'Engineering','year 1',4.00),(64,'Male',21,'Islamic education','year 2',4.00),(65,'Male',22,'Islamic education','year 2',2.75),(66,'Male',18,'Islamic education','year 2',4.00),(67,'Male',23,'BIT','Year 1',2.77),(68,'Female',22,'Laws','year 3',3.30),(69,'Female',21,'Laws','year 3',3.96),(70,'Female',21,'Laws','year 3',2.00),(71,'Female',18,'Laws','year 3',4.00),(72,'Male',23,'Mathemathics','year 4',2.00),(73,'Male',21,'Mathemathics','year 4',2.90),(74,'Male',20,'Mathemathics','year 4',4.00),(75,'Male',24,'Engineering','Year 2',2.43),(76,'Male',20,'Engineering','Year 2',2.00),(77,'Female',23,'Pendidikan islam','year 2',3.77),(78,'Female',22,'Pendidikan islam','year 2',4.00),(79,'Female',20,'Pendidikan islam','year 2',3.65),(80,'Female',20,'Pendidikan islam','year 2',4.00),(81,'Female',24,'BCS','year 1',2.42),(82,'Female',19,'Human Resources','Year 2',2.00),(83,'Female',18,'Human Resources','Year 2',4.00),(84,'Female',18,'Human Resources','Year 2',4.00),(85,'Female',19,'Human Resources','Year 2',4.00),(86,'Male',18,'Irkhs','year 1',2.61),(87,'Female',20,'Psychology','year 1',2.00),(88,'Female',23,'Engineering','Year 3',2.00),(89,'Male',23,'Irkhs','year 1',2.91),(90,'Female',18,'Engineering','Year 3',4.00),(91,'Male',20,'Irkhs','year 1',4.00),(92,'Female',21,'BCS','year 1',4.00),(93,'Female',19,'BCS','year 1',4.00),(94,'Male',19,'Engineering','year 1',2.00),(95,'Male',22,'Engineering','year 1',3.53),(96,'Male',22,'Engineering','year 1',4.00),(97,'Male',25,'Engineering','year 1',2.28),(98,'Male',18,'Engineering','year 1',3.65),(99,'Male',24,'Engineering','year 1',3.64),(100,'Male',22,'Engineering','year 1',2.15),(101,'Male',22,'Engineering','year 1',2.69),(102,'Male',24,'BCS','Year 3',2.00),(103,'Male',20,'BCS','Year 3',2.83),(104,'Male',18,'BCS','Year 3',4.00),(105,'Female',19,'KENMS','Year 2',4.00),(106,'Female',24,'KENMS','Year 2',2.49),(107,'Female',24,'Accounting','year 3',3.35),(108,'Female',21,'ENM','year 4',4.00),(109,'Female',18,'ENM','year 4',3.32),(110,'Female',20,'BIT','Year 2',4.00),(111,'Female',18,'Marine science','year 2',2.72),(112,'Female',20,'Marine science','year 2',2.00),(113,'Female',22,'Marine science','year 2',2.71),(114,'Female',19,'Marine science','year 2',2.42),(115,'Female',18,'Marine science','year 2',2.77),(116,'Female',21,'Engineering','year 1',4.00),(117,'Female',25,'Engineering','year 1',3.09),(118,'Female',20,'Engineering','year 1',2.61),(119,'Female',23,'BCS','year 1',2.00),(120,'Female',24,'Engineering','year 1',4.00),(121,'Female',24,'Engineering','year 1',3.46),(122,'Female',20,'Engineering','year 1',2.00),(123,'Female',24,'Engineering','year 1',3.46),(124,'Female',24,'BCS','Year 3',2.69),(125,'Female',19,'BCS','Year 3',4.00),(126,'Female',23,'BCS','Year 3',3.70),(127,'Female',20,'Banking Studies','year 1',2.00),(128,'Female',19,'Engineering','year 1',2.00),(129,'Female',18,'Engineering','year 1',2.70),(130,'Female',20,'Engineering','year 1',4.00),(131,'Female',20,'Engineering','year 1',4.00),(132,'Female',20,'Engineering','year 1',3.72),(133,'Male',18,'Engineering','Year 2',4.00),(134,'Male',25,'Engineering','Year 2',2.89),(135,'Male',23,'Engineering','Year 2',4.00),(136,'Male',22,'Engineering','Year 2',4.00),(137,'Female',24,'BIT','Year 3',2.93),(138,'Female',22,'BIT','Year 3',2.79),(139,'Female',24,'BCS','year 4',3.14),(140,'Female',25,'BCS','year 4',4.00),(141,'Female',22,'BCS','year 4',2.00),(142,'Female',18,'Business Administration','Year 2',2.00),(143,'Female',20,'Business Administration','Year 2',3.43),(144,'Female',20,'Business Administration','Year 2',4.00),(145,'Female',21,'Business Administration','Year 2',2.16),(146,'Male',23,'BCS','year 2',2.85),(147,'Male',23,'BCS','year 2',4.00),(148,'Male',25,'BCS','year 1',4.00),(149,'Male',25,'BCS','year 1',3.01),(150,'Male',20,'BCS','year 2',4.00),(151,'Male',23,'BCS','year 2',3.38),(152,'Male',23,'BCS','Year 2',2.00),(153,'Male',21,'BCS','Year 2',3.66),(154,'Male',24,'BCS','Year 2',3.09),(155,'Female',23,'BIT','year 1',4.00),(156,'Female',24,'BIT','year 1',2.00),(157,'Female',21,'BIT','year 1',3.49),(158,'Female',18,'BIT','year 1',4.00),(159,'Female',24,'BIT','year 1',4.00),(160,'Female',19,'BIT','year 1',4.00),(161,'Female',23,'BIT','year 1',4.00),(162,'Female',25,'BIT','year 1',4.00),(163,'Female',23,'BIT','year 1',2.00),(164,'Female',22,'Engineering','year 1',2.00),(165,'Female',21,'Law','Year 3',4.00),(166,'Female',21,'Law','Year 3',4.00),(167,'Female',19,'BIT','year 1',4.00),(168,'Female',20,'BIT','year 1',2.00),(169,'Female',20,'BIT','year 1',2.00),(170,'Female',23,'KIRKHS','year 1',4.00),(171,'Female',20,'KIRKHS','year 1',2.66),(172,'Female',19,'KIRKHS','year 1',4.00),(173,'Female',25,'Engineering','Year 2',2.00),(174,'Female',21,'Engineering','Year 2',4.00),(175,'Female',21,'Engineering','year 4',3.16),(176,'Female',21,'Engineering','year 4',2.08),(177,'Female',24,'Engineering','year 4',4.00),(178,'Female',25,'BIT','Year 3',2.00),(179,'Female',19,'BIT','Year 3',2.00),(180,'Female',19,'Usuluddin','year 2',3.06),(181,'Female',18,'Usuluddin','year 2',2.52),(182,'Male',24,'BIT','year 1',2.00),(183,'Male',25,'TAASL','year 2',2.85),(184,'Male',24,'TAASL','year 2',4.00),(185,'Male',23,'TAASL','year 2',2.36),(186,'Male',21,'BCS','year 1',3.58),(187,'Male',23,'BCS','year 1',2.00),(188,'Male',22,'BCS','year 1',2.15),(189,'Male',19,'BCS','year 1',4.00),(190,'Female',23,'Engineering','year 1',2.00),(191,'Female',22,'Engineering','year 1',4.00),(192,'Female',18,'Engineering','year 1',2.00),(193,'Female',18,'Engineering','year 1',2.86),(194,'Male',24,'BCS','year 2',2.32),(195,'Female',24,'Engine','year 4',4.00),(196,'Male',21,'BCS','year 2',3.54),(197,'Female',19,'Engine','year 4',4.00),(198,'Female',21,'BCS','year 3',4.00),(199,'Female',21,'BCS','year 2',2.26),(200,'Female',23,'BCS','year 2',3.00),(201,'Female',20,'Biomedical science','year 3',3.34),(202,'Female',21,'Biomedical science','year 3',2.45),(203,'Female',20,'Biomedical science','year 3',2.00),(204,'Female',19,'Biomedical science','year 3',4.00),(205,'Female',21,'koe','year 3',3.67),(206,'Female',23,'koe','year 3',2.49),(207,'Female',18,'BCS','year 1',4.00),(208,'Female',18,'BCS','year 1',3.06),(209,'Female',20,'BCS','year 1',3.01),(210,'Male',23,'BCS','year 1',3.71),(211,'Male',22,'BCS','year 1',4.00),(212,'Male',19,'Kirkhs','Year 3',4.00),(213,'Male',24,'Kirkhs','Year 3',4.00),(214,'Female',19,'BENL','Year 3',3.36),(215,'Female',19,'BCS','year 1',2.66),(216,'Female',18,'CTS','Year 1',3.83),(217,'Female',23,'CTS','Year 1',4.00),(218,'Female',25,'CTS','Year 1',3.87),(219,'Female',22,'CTS','Year 1',2.75),(220,'Female',18,'CTS','Year 1',4.00),(221,'Female',19,'CTS','Year 1',2.00),(222,'Female',25,'CTS','Year 1',2.00),(223,'Female',18,'engin','year 1',2.00),(224,'Female',19,'engin','year 1',2.00),(225,'Female',23,'engin','year 1',4.00),(226,'Female',22,'Engine','year 1',3.36),(227,'Female',22,'Engine','year 1',2.41),(228,'Female',24,'Engine','year 1',4.00),(229,'Female',25,'Econs','year 1',2.00),(230,'Female',19,'Econs','year 1',4.00),(231,'Female',23,'KOE','Year 3',2.00),(232,'Male',19,'MHSC','Year 3',2.43),(233,'Female',21,'Malcom','year 1',4.00),(234,'Female',18,'Malcom','year 1',4.00),(235,'Female',23,'Malcom','year 1',2.13),(236,'Female',24,'Kop','year 4',4.00),(237,'Female',24,'Biomedical science','year 1',4.00),(238,'Female',19,'Biomedical science','year 1',4.00),(239,'Female',18,'Laws','Year 3',4.00),(240,'Female',24,'Laws','Year 3',2.94),(241,'Female',19,'BIT','Year 3',2.00),(242,'Female',24,'BIT','Year 3',2.63),(243,'Male',21,'BIT','Year 3',3.04),(244,'Male',20,'BIT','Year 3',4.00),(245,'Male',18,'BIT','Year 3',4.00),(246,'Male',24,'BIT','Year 3',4.00),(247,'Male',24,'BIT','Year 3',2.00),(248,'Female',23,'KOE','year 1',4.00),(249,'Female',21,'KOE','year 1',4.00),(250,'Female',25,'Engineering','year 1',2.58),(251,'Female',21,'Engineering','year 1',2.82),(252,'Female',25,'Engineering','year 1',3.28),(253,'Female',18,'Human Sciences','Year 2',2.39),(254,'Female',23,'Human Sciences','Year 2',3.83),(255,'Female',21,'Human Sciences','Year 2',3.97),(256,'Female',21,'Human Sciences','Year 2',3.71),(257,'Female',19,'Biotechnology','Year 3',2.82),(258,'Female',23,'Biotechnology','Year 3',3.03),(259,'Female',19,'Biotechnology','Year 3',2.00),(260,'Female',21,'Engineering','year 4',4.00),(261,'Female',20,'Engineering','year 4',2.00),(262,'Female',21,'Engineering','year 4',2.74),(263,'Female',19,'Engineering','year 4',2.42),(264,'Female',23,'Engineering','year 4',4.00),(265,'Female',24,'Communication','Year 2',4.00),(266,'Female',25,'Communication','Year 2',2.00),(267,'Female',24,'Communication','Year 2',3.37),(268,'Female',22,'Communication','Year 2',2.00),(269,'Female',24,'Communication','Year 2',2.23),(270,'Female',18,'Diploma Nursing','year 2',2.71),(271,'Female',23,'Pendidikan Islam','Year 2',4.00),(272,'Female',23,'Pendidikan Islam','Year 2',3.25),(273,'Female',24,'Pendidikan Islam','Year 2',2.94),(274,'Female',24,'Pendidikan Islam','Year 2',2.63),(275,'Female',21,'Diploma Nursing','year 2',2.99),(276,'Male',18,'Radiography','year 1',2.76),(277,'Male',22,'Radiography','year 1',3.67),(278,'Female',20,'psychology','year 1',2.00),(279,'Female',24,'psychology','year 1',4.00),(280,'Female',19,'Fiqh fatwa','Year 3',3.18),(281,'Female',25,'Fiqh fatwa','Year 3',3.27),(282,'Female',19,'psychology','year 1',4.00),(283,'Male',24,'Engineering','Year 2',4.00),(284,'Male',18,'Engineering','Year 2',2.00),(285,'Female',23,'DIPLOMA TESL','Year 3',3.12),(286,'Female',20,'DIPLOMA TESL','Year 3',4.00),(287,'Female',25,'DIPLOMA TESL','Year 3',2.00),(288,'Male',20,'Koe','Year 2',3.63),(289,'Male',20,'Koe','Year 2',2.00),(290,'Female',22,'KOE','year 2',2.00),(291,'Female',18,'BENL','year 1',2.00),(292,'Female',23,'BENL','year 1',2.32),(293,'Female',21,'BENL','year 1',2.08),(294,'Female',24,'BENL','year 1',3.45),(295,'Female',25,'BENL','year 1',2.00),(296,'Female',21,'Fiqh','Year 3',2.09),(297,'Female',22,'Fiqh','Year 3',4.00),(298,'Female',18,'BCS','year 1',2.18),(299,'Female',18,'BCS','year 1',4.00),(300,'Female',25,'BCS','year 1',4.00),(301,'Female',23,'BCS','year 1',2.99),(302,'Female',19,'BCS','year 1',4.00),(303,'Female',21,'BCS','year 1',2.04),(304,'Male',18,'Engineering','Year 2',2.05),(305,'Male',19,'Engineering','Year 2',2.00),(306,'Male',21,'Engineering','Year 2',3.22),(307,'Male',21,'Engineering','Year 2',2.00),(308,'Female',19,'Pendidikan Islam','year 4',2.64),(309,'Male',19,'Biomedical science','Year 2',2.00),(310,'Female',18,'Engineering','year 1',3.96),(311,'Female',21,'Engineering','year 1',2.00),(312,'Male',20,'Islamic education','year 2',2.53),(313,'Male',18,'BIT','Year 1',2.74),(314,'Female',18,'Laws','year 3',2.90),(315,'Female',25,'Laws','year 3',2.83),(316,'Female',21,'Laws','year 3',2.00),(317,'Female',21,'Laws','year 3',3.24),(318,'Male',19,'Mathemathics','year 4',4.00),(319,'Male',19,'Engineering','Year 2',3.71),(320,'Female',21,'Pendidikan islam','year 2',2.06),(321,'Female',25,'Pendidikan islam','year 2',4.00),(322,'Female',18,'BCS','year 1',3.60),(323,'Female',21,'Human Resources','Year 2',2.31),(324,'Male',25,'Irkhs','year 1',3.44),(325,'Male',21,'Irkhs','year 1',4.00),(326,'Female',18,'Engineering','Year 3',3.60),(327,'Female',18,'Psychology','year 1',3.11),(328,'Female',22,'Psychology','year 1',3.11),(329,'Female',24,'Psychology','year 1',2.65),(330,'Female',22,'Engineering','Year 3',3.73),(331,'Male',24,'Irkhs','year 1',2.00),(332,'Female',21,'Psychology','year 1',3.74),(333,'Female',18,'Psychology','year 1',3.81),(334,'Female',18,'BCS','year 1',4.00),(335,'Female',20,'BCS','year 1',4.00),(336,'Female',22,'BCS','year 1',2.74),(337,'Female',22,'BCS','year 1',3.37),(338,'Male',23,'Engineering','year 1',2.14),(339,'Male',23,'Engineering','year 1',3.12),(340,'Female',18,'KENMS','Year 2',2.00),(341,'Female',23,'KENMS','Year 2',2.00),(342,'Female',22,'Accounting','year 3',2.00),(343,'Female',20,'Accounting','year 3',2.47),(344,'Female',24,'ENM','year 4',3.86),(345,'Female',21,'ENM','year 4',2.00),(346,'Female',19,'ENM','year 4',3.08),(347,'Female',24,'ENM','year 4',4.00),(348,'Female',24,'BIT','Year 2',2.41),(349,'Female',22,'BIT','Year 2',3.43),(350,'Female',18,'Marine science','year 2',2.79),(351,'Female',22,'Marine science','year 2',3.71),(352,'Female',21,'Marine science','year 2',2.88),(353,'Female',23,'Marine science','year 2',2.00),(354,'Female',24,'Engineering','year 1',2.00),(355,'Female',19,'KOE','Year 2',3.00),(356,'Female',25,'BCS','year 1',3.91),(357,'Female',24,'KOE','Year 2',2.00),(358,'Female',18,'BCS','year 1',4.00),(359,'Female',23,'KOE','Year 2',3.21),(360,'Female',24,'BCS','year 1',2.00),(361,'Female',24,'BCS','year 1',4.00),(362,'Female',25,'BCS','year 1',2.39),(363,'Female',19,'BCS','year 1',4.00),(364,'Female',20,'Engineering','year 1',4.00),(365,'Female',24,'BCS','Year 3',2.63),(366,'Female',20,'BCS','Year 3',3.75),(367,'Female',18,'BCS','Year 3',2.47),(368,'Female',21,'Banking Studies','year 1',4.00),(369,'Female',24,'Engineering','year 1',4.00),(370,'Male',23,'Engineering','Year 2',2.76),(371,'Male',18,'Engineering','Year 2',4.00),(372,'Male',25,'Engineering','Year 2',4.00),(373,'Female',25,'BIT','Year 3',4.00),(374,'Female',20,'BIT','Year 3',2.19),(375,'Female',21,'BIT','Year 3',2.85),(376,'Female',18,'BCS','year 4',3.69),(377,'Female',25,'BCS','year 4',2.00),(378,'Female',22,'BCS','year 4',2.00),(379,'Female',22,'Business Administration','Year 2',2.26),(380,'Female',25,'Business Administration','Year 2',2.03),(381,'Female',19,'Business Administration','Year 2',3.22),(382,'Male',18,'BCS','year 2',4.00),(383,'Male',22,'BCS','year 1',2.63),(384,'Male',21,'BCS','year 1',2.00),(385,'Male',25,'BCS','year 2',3.30),(386,'Male',18,'BCS','Year 2',3.94),(387,'Male',24,'BCS','Year 2',2.00),(388,'Male',25,'BCS','Year 2',4.00),(389,'Male',25,'BCS','Year 2',4.00),(390,'Male',23,'BCS','Year 2',2.00),(391,'Male',18,'BCS','Year 2',3.56),(392,'Female',23,'BIT','year 1',4.00),(393,'Female',23,'BIT','year 1',4.00),(394,'Female',18,'Engineering','year 1',2.91),(395,'Female',18,'Engineering','year 1',3.49),(396,'Female',18,'Law','Year 3',4.00),(397,'Female',22,'Law','Year 3',4.00),(398,'Female',23,'Law','Year 3',4.00),(399,'Female',23,'BIT','year 1',2.30),(400,'Female',21,'BIT','year 1',3.64),(401,'Female',20,'BIT','year 1',4.00),(402,'Female',23,'KIRKHS','year 1',4.00),(403,'Female',19,'KIRKHS','year 1',2.00),(404,'Female',24,'Engineering','Year 2',2.34),(405,'Female',22,'Engineering','Year 2',3.36),(406,'Female',20,'Engineering','Year 2',2.00),(407,'Female',24,'Engineering','Year 2',3.12),(408,'Female',22,'Engineering','Year 2',4.00),(409,'Female',24,'BIT','Year 3',2.80),(410,'Female',18,'BIT','Year 3',3.31),(411,'Female',20,'BIT','Year 3',3.62),(412,'Female',20,'Usuluddin','year 2',4.00),(413,'Female',22,'Usuluddin','year 2',4.00),(414,'Male',21,'BIT','year 1',4.00),(415,'Male',21,'BIT','year 1',4.00),(416,'Male',23,'BIT','year 1',2.29),(417,'Male',19,'TAASL','year 2',2.90),(418,'Male',18,'TAASL','year 2',2.00),(419,'Male',18,'BCS','year 1',4.00),(420,'Male',18,'BCS','year 1',4.00),(421,'Male',19,'BCS','year 1',2.21),(422,'Male',21,'BCS','year 1',3.09),(423,'Female',23,'Engineering','year 1',2.00),(424,'Female',18,'Engine','year 4',3.21),(425,'Female',21,'Engine','year 4',2.00),(426,'Female',24,'Engine','year 4',4.00),(427,'Male',24,'BCS','year 2',4.00),(428,'Male',22,'BCS','year 2',3.03),(429,'Female',25,'Engine','year 4',2.19),(430,'Female',25,'BCS','year 3',4.00),(431,'Female',24,'BCS','year 3',2.72),(432,'Female',21,'BCS','year 3',2.00),(433,'Female',22,'BCS','year 3',2.30),(434,'Female',25,'BCS','year 3',4.00),(435,'Female',24,'ALA','year 1',3.64),(436,'Female',24,'ALA','year 1',4.00),(437,'Female',24,'ALA','year 1',2.00),(438,'Female',24,'ALA','year 1',2.04),(439,'Female',19,'BCS','year 2',4.00),(440,'Female',23,'BCS','year 2',2.00),(441,'Female',18,'BCS','year 2',2.87),(442,'Female',21,'BCS','year 2',2.00),(443,'Female',18,'BCS','year 2',4.00),(444,'Female',19,'Biomedical science','year 3',2.16),(445,'Female',20,'Biomedical science','year 3',4.00),(446,'Female',25,'BCS','year 1',2.54),(447,'Female',25,'BCS','year 1',3.51),(448,'Female',21,'BCS','year 1',4.00),(449,'Female',25,'BCS','year 1',2.00),(450,'Male',22,'Kirkhs','Year 3',2.00),(451,'Male',21,'Kirkhs','Year 3',3.66),(452,'Female',20,'BENL','Year 3',2.00),(453,'Female',23,'BENL','Year 3',4.00),(454,'Female',20,'BENL','Year 3',4.00),(455,'Female',18,'BCS','year 1',4.00),(456,'Female',20,'BCS','year 1',2.68),(457,'Female',24,'BCS','year 1',4.00),(458,'Female',23,'BCS','year 1',3.46),(459,'Female',20,'BCS','year 1',3.45),(460,'Female',19,'BCS','year 1',2.41),(461,'Female',25,'BCS','year 1',2.15),(462,'Female',23,'Benl','year 1',4.00),(463,'Female',18,'IT','Year 3',4.00),(464,'Female',24,'IT','Year 3',2.42),(465,'Female',23,'IT','Year 3',4.00),(466,'Female',21,'IT','Year 3',3.87),(467,'Female',19,'BCS','year 1',4.00),(468,'Female',23,'CTS','Year 1',3.40),(469,'Female',18,'CTS','Year 1',4.00),(470,'Female',24,'CTS','Year 1',3.29),(471,'Female',24,'engin','year 1',2.71),(472,'Female',23,'engin','year 1',2.00),(473,'Female',25,'engin','year 1',4.00),(474,'Female',25,'engin','year 1',2.00),(475,'Female',18,'engin','year 1',2.75),(476,'Female',21,'Engine','year 1',2.00),(477,'Female',20,'Econs','year 1',3.85),(478,'Female',23,'Econs','year 1',3.05),(479,'Female',18,'KOE','Year 3',4.00),(480,'Female',23,'KOE','Year 3',2.77),(481,'Female',24,'KOE','Year 3',4.00),(482,'Female',24,'KOE','Year 3',2.00),(483,'Female',22,'KOE','Year 3',3.65),(484,'Female',19,'KOE','Year 3',3.70),(485,'Female',25,'KOE','Year 3',2.66),(486,'Female',18,'KOE','Year 3',2.00),(487,'Female',22,'KOE','Year 3',4.00),(488,'Male',19,'MHSC','Year 3',4.00),(489,'Male',23,'MHSC','Year 3',2.25),(490,'Male',22,'MHSC','Year 3',4.00),(491,'Female',18,'Malcom','year 1',4.00),(492,'Female',18,'Malcom','year 1',2.65),(493,'Female',18,'Malcom','year 1',4.00),(494,'Female',25,'Kop','year 4',3.91),(495,'Female',23,'Laws','Year 3',2.29),(496,'Female',22,'Laws','Year 3',2.56),(497,'Female',22,'Laws','Year 3',2.98),(498,'Female',25,'Laws','Year 3',2.00),(499,'Female',25,'BIT','Year 3',4.00),(500,'Male',24,'Biomedical science','year 1',3.35),(501,'Male',24,'BIT','Year 3',3.13),(502,'Male',25,'BIT','Year 3',4.00),(503,'Male',18,'BIT','Year 3',4.00),(504,'Female',20,'KOE','year 1',4.00),(505,'Female',18,'Engineering','year 1',4.00),(506,'Female',25,'Human Sciences','Year 2',4.00),(507,'Female',18,'Human Sciences','Year 2',2.04),(508,'Female',23,'Human Sciences','Year 2',4.00),(509,'Female',25,'Biotechnology','Year 3',2.00),(510,'Female',20,'Engineering','year 4',2.97),(511,'Female',19,'Engineering','year 4',4.00),(512,'Female',25,'Communication','Year 2',2.00),(513,'Female',20,'Communication','Year 2',2.59),(514,'Female',20,'Communication','Year 2',3.28),(515,'Female',22,'Communication','Year 2',4.00),(516,'Female',19,'Engineering','year 1',2.55),(517,'Female',19,'Pendidikan Islam','Year 2',2.00),(518,'Female',23,'Pendidikan Islam','Year 2',4.00),(519,'Female',23,'Engineering','year 1',4.00),(520,'Female',22,'Diploma Nursing','year 2',2.73),(521,'Female',22,'Diploma Nursing','year 2',4.00),(522,'Female',19,'Pendidikan Islam','Year 2',3.49),(523,'Male',24,'Radiography','year 1',4.00),(524,'Male',20,'Radiography','year 1',2.00),(525,'Male',18,'Radiography','year 1',4.00),(526,'Female',20,'psychology','year 1',2.75),(527,'Female',21,'psychology','year 1',2.08),(528,'Female',25,'Fiqh fatwa','Year 3',2.00),(529,'Female',20,'Fiqh fatwa','Year 3',2.26),(530,'Female',19,'Fiqh fatwa','Year 3',4.00),(531,'Female',19,'psychology','year 1',4.00),(532,'Male',23,'BIT','year 1',2.00),(533,'Male',19,'BIT','year 1',4.00),(534,'Male',18,'BIT','year 1',2.00),(535,'Male',22,'BIT','year 1',2.34),(536,'Male',19,'Engineering','Year 2',2.78),(537,'Female',23,'DIPLOMA TESL','Year 3',3.28),(538,'Female',20,'DIPLOMA TESL','Year 3',2.39),(539,'Male',24,'Koe','Year 2',4.00),(540,'Male',25,'Koe','Year 2',2.00),(541,'Male',23,'Koe','Year 2',4.00),(542,'Female',19,'KOE','year 2',3.46),(543,'Female',18,'KOE','year 2',3.55),(544,'Female',24,'Fiqh','Year 3',2.00),(545,'Female',25,'Fiqh','Year 3',3.29),(546,'Female',21,'Fiqh','Year 3',4.00),(547,'Female',20,'Fiqh','Year 3',3.92),(548,'Female',22,'Fiqh','Year 3',4.00),(549,'Female',25,'Islamic Education','year 1',4.00),(550,'Female',21,'BCS','year 1',2.71),(551,'Female',21,'BCS','year 1',3.98),(552,'Male',19,'Engineering','Year 2',4.00),(553,'Male',21,'Engineering','Year 2',2.22),(554,'Male',24,'Engineering','Year 2',2.20),(555,'Male',18,'Engineering','Year 2',4.00),(556,'Female',19,'Nursing','Year 3',3.40),(557,'Female',22,'Nursing','Year 3',4.00),(558,'Female',25,'Nursing','Year 3',3.24),(559,'Female',18,'Nursing','Year 3',3.61),(560,'Female',20,'Nursing','Year 3',2.00),(561,'Female',19,'Nursing','Year 3',2.00),(562,'Female',23,'Pendidikan Islam','year 4',3.48),(563,'Male',21,'Biomedical science','Year 2',3.64),(564,'Male',23,'Biomedical science','Year 2',4.00),(565,'Female',25,'Engineering','year 1',3.57),(566,'Female',22,'Engineering','year 1',4.00),(567,'Female',20,'Engineering','year 1',4.00),(568,'Female',22,'Engineering','year 1',2.38),(569,'Male',23,'Islamic education','year 2',2.86),(570,'Male',21,'Islamic education','year 2',4.00),(571,'Male',24,'Islamic education','year 2',2.54),(572,'Male',20,'Islamic education','year 2',4.00),(573,'Male',24,'BIT','Year 1',2.96),(574,'Male',22,'BIT','Year 1',2.64),(575,'Male',23,'BIT','Year 1',4.00),(576,'Male',24,'Mathemathics','year 4',2.12),(577,'Male',18,'Mathemathics','year 4',2.27),(578,'Male',19,'Engineering','Year 2',4.00),(579,'Female',19,'Pendidikan islam','year 2',2.00),(580,'Female',24,'Pendidikan islam','year 2',3.01),(581,'Female',22,'Pendidikan islam','year 2',2.89),(582,'Female',18,'Pendidikan islam','year 2',4.00),(583,'Female',24,'BCS','year 1',2.79),(584,'Female',25,'BCS','year 1',2.00),(585,'Female',24,'BCS','year 1',2.00),(586,'Female',24,'Human Resources','Year 2',2.19),(587,'Female',25,'Human Resources','Year 2',4.00),(588,'Female',18,'Human Resources','Year 2',4.00),(589,'Female',25,'Human Resources','Year 2',2.64),(590,'Male',20,'Irkhs','year 1',3.06),(591,'Female',20,'Engineering','Year 3',2.93),(592,'Male',20,'Irkhs','year 1',4.00),(593,'Male',21,'Irkhs','year 1',2.00),(594,'Female',18,'BCS','year 1',3.95),(595,'Female',19,'BCS','year 1',2.00),(596,'Male',21,'Engineering','year 1',4.00),(597,'Male',22,'Engineering','year 1',2.00),(598,'Male',20,'BCS','Year 3',4.00),(599,'Male',20,'BCS','Year 3',4.00),(600,'Male',18,'BCS','Year 3',2.10),(601,'Female',18,'Accounting','year 3',3.75),(602,'Female',22,'Accounting','year 3',4.00),(603,'Female',24,'Accounting','year 3',4.00),(604,'Female',18,'Accounting','year 3',2.17),(605,'Female',25,'Accounting','year 3',2.61),(606,'Female',24,'ENM','year 4',4.00),(607,'Female',20,'BIT','Year 2',4.00),(608,'Female',19,'BIT','Year 2',3.60),(609,'Female',22,'BIT','Year 2',4.00),(610,'Female',18,'BIT','Year 2',2.99),(611,'Female',25,'Marine science','year 2',2.72),(612,'Female',23,'Marine science','year 2',4.00),(613,'Female',24,'Marine science','year 2',2.86),(614,'Female',19,'Engineering','year 1',4.00),(615,'Female',18,'Engineering','year 1',2.40),(616,'Female',21,'Engineering','year 1',2.53),(617,'Female',25,'Engineering','year 1',2.33),(618,'Female',23,'Engineering','year 1',2.00),(619,'Female',18,'KOE','Year 2',3.95),(620,'Female',24,'BCS','year 1',4.00),(621,'Female',23,'BCS','year 1',4.00),(622,'Female',24,'KOE','Year 2',2.00),(623,'Female',25,'Engineering','year 1',4.00),(624,'Female',22,'Engineering','year 1',2.10),(625,'Female',23,'BCS','Year 3',3.84),(626,'Female',18,'BCS','Year 3',3.44),(627,'Female',24,'BCS','Year 3',2.00),(628,'Female',18,'Banking Studies','year 1',2.49),(629,'Female',18,'Engineering','year 1',2.75),(630,'Female',21,'Engineering','year 1',4.00),(631,'Male',25,'Engineering','Year 2',2.00),(632,'Male',23,'Engineering','Year 2',2.81),(633,'Male',25,'Engineering','Year 2',2.76),(634,'Female',23,'BIT','Year 3',2.45),(635,'Female',24,'BCS','year 4',3.67),(636,'Female',20,'BCS','year 4',2.78),(637,'Female',24,'BCS','year 4',2.22),(638,'Female',23,'Business Administration','Year 2',2.18),(639,'Female',19,'Business Administration','Year 2',2.00),(640,'Female',18,'Business Administration','Year 2',3.29),(641,'Male',19,'BCS','year 1',2.00),(642,'Male',20,'BCS','year 2',3.05),(643,'Male',19,'BCS','Year 2',4.00),(644,'Male',18,'BCS','Year 2',3.28),(645,'Male',25,'BCS','Year 2',2.22),(646,'Male',23,'BCS','Year 2',4.00),(647,'Female',19,'BIT','year 1',4.00),(648,'Female',25,'BIT','year 1',4.00),(649,'Female',20,'BIT','year 1',4.00),(650,'Female',23,'Law','Year 3',3.36),(651,'Female',25,'Law','Year 3',2.00),(652,'Female',23,'Law','Year 3',3.59),(653,'Female',21,'Law','Year 3',2.00),(654,'Female',19,'Law','Year 3',2.00),(655,'Female',19,'BIT','year 1',4.00),(656,'Female',22,'BIT','year 1',2.17),(657,'Female',19,'BIT','year 1',4.00),(658,'Female',22,'BIT','year 1',3.51),(659,'Female',18,'BIT','year 1',3.85),(660,'Female',18,'KIRKHS','year 1',2.00),(661,'Female',23,'KIRKHS','year 1',2.12),(662,'Female',23,'KIRKHS','year 1',3.91),(663,'Female',24,'KIRKHS','year 1',2.00),(664,'Female',19,'KIRKHS','year 1',4.00),(665,'Female',24,'Engineering','Year 2',3.69),(666,'Female',23,'Engineering','Year 2',3.88),(667,'Female',19,'Engineering','Year 2',2.29),(668,'Female',18,'Engineering','year 4',3.15),(669,'Female',21,'Engineering','year 4',2.17),(670,'Female',18,'Usuluddin','year 2',3.80),(671,'Female',18,'Usuluddin','year 2',4.00),(672,'Female',20,'Usuluddin','year 2',2.56),(673,'Female',25,'Usuluddin','year 2',4.00),(674,'Male',18,'BIT','year 1',3.76),(675,'Male',23,'TAASL','year 2',3.00),(676,'Male',22,'BCS','year 1',3.06),(677,'Female',19,'Engineering','year 1',4.00),(678,'Female',23,'Engineering','year 1',4.00),(679,'Female',19,'Engineering','year 1',2.00),(680,'Female',24,'Engineering','year 1',4.00),(681,'Female',23,'Engineering','year 1',2.00),(682,'Female',20,'Engineering','year 1',3.45),(683,'Female',25,'Engineering','year 1',3.26),(684,'Male',19,'BCS','year 2',4.00),(685,'Female',18,'Engine','year 4',2.00),(686,'Male',22,'BCS','year 2',2.86),(687,'Female',24,'BCS','year 3',2.00),(688,'Female',25,'BCS','year 3',2.69),(689,'Female',20,'BCS','year 3',4.00),(690,'Female',24,'BCS','year 3',3.23),(691,'Female',18,'ALA','year 1',4.00),(692,'Female',18,'BCS','year 2',3.72),(693,'Female',18,'BCS','year 2',4.00),(694,'Female',20,'Biomedical science','year 3',2.35),(695,'Female',20,'koe','year 3',4.00),(696,'Male',20,'BCS','year 1',4.00),(697,'Male',18,'BCS','year 1',4.00),(698,'Male',23,'Kirkhs','Year 3',3.18),(699,'Male',21,'Kirkhs','Year 3',3.87),(700,'Male',20,'Kirkhs','Year 3',4.00),(701,'Male',20,'Kirkhs','Year 3',3.43),(702,'Male',25,'Kirkhs','Year 3',4.00),(703,'Male',25,'Kirkhs','Year 3',4.00),(704,'Female',25,'BENL','Year 3',4.00),(705,'Female',23,'BENL','Year 3',4.00),(706,'Female',19,'BENL','Year 3',2.00),(707,'Female',21,'BCS','year 1',2.98),(708,'Female',24,'BCS','year 1',3.59),(709,'Female',22,'Benl','year 1',2.29),(710,'Female',21,'IT','Year 3',4.00),(711,'Female',19,'IT','Year 3',4.00),(712,'Female',18,'Benl','year 1',2.00),(713,'Female',20,'Benl','year 1',2.00),(714,'Female',22,'Benl','year 1',3.72),(715,'Female',25,'BCS','year 1',2.00),(716,'Female',19,'BCS','year 1',2.10),(717,'Female',25,'BCS','year 1',4.00),(718,'Female',18,'CTS','Year 1',4.00),(719,'Female',25,'CTS','Year 1',3.32),(720,'Female',19,'engin','year 1',3.75),(721,'Female',24,'Engine','year 1',4.00),(722,'Female',23,'Econs','year 1',4.00),(723,'Female',25,'Econs','year 1',2.00),(724,'Female',18,'Econs','year 1',2.35),(725,'Female',24,'KOE','Year 3',2.56),(726,'Female',20,'KOE','Year 3',4.00),(727,'Female',21,'Malcom','year 1',4.00),(728,'Female',24,'Malcom','year 1',4.00),(729,'Female',20,'Malcom','year 1',4.00),(730,'Female',24,'Kop','year 4',2.87),(731,'Female',19,'Kop','year 4',2.00),(732,'Female',20,'Kop','year 4',2.00),(733,'Female',25,'Kop','year 4',2.74),(734,'Female',20,'Biomedical science','year 1',3.57),(735,'Female',20,'Biomedical science','year 1',4.00),(736,'Female',19,'Biomedical science','year 1',4.00),(737,'Female',25,'Laws','Year 3',3.93),(738,'Female',21,'BIT','Year 3',4.00),(739,'Female',21,'BIT','Year 3',2.37),(740,'Female',20,'BIT','Year 3',2.45),(741,'Male',18,'Biomedical science','year 1',3.01),(742,'Male',20,'BIT','Year 3',2.00),(743,'Male',24,'BIT','Year 3',2.00),(744,'Female',24,'KOE','year 1',2.00),(745,'Female',23,'KOE','year 1',2.32),(746,'Female',25,'KOE','year 1',2.23),(747,'Female',24,'Engineering','year 1',4.00),(748,'Female',18,'Engineering','year 1',2.00),(749,'Female',22,'Engineering','year 1',3.42),(750,'Female',20,'Engineering','year 1',4.00),(751,'Female',20,'Engineering','year 1',4.00),(752,'Female',23,'Human Sciences','Year 2',3.49),(753,'Female',22,'Human Sciences','Year 2',3.70),(754,'Female',24,'Human Sciences','Year 2',4.00),(755,'Female',20,'Biotechnology','Year 3',2.35),(756,'Female',18,'Engineering','year 4',3.17),(757,'Female',18,'Engineering','year 4',3.65),(758,'Female',18,'Engineering','year 4',3.29),(759,'Female',20,'Engineering','year 4',2.00),(760,'Female',19,'Engineering','year 4',2.93),(761,'Female',25,'Communication','Year 2',2.38),(762,'Female',21,'Communication','Year 2',2.00),(763,'Female',25,'Communication','Year 2',4.00),(764,'Female',20,'Engineering','year 1',3.37),(765,'Female',18,'Engineering','year 1',2.00),(766,'Female',25,'Diploma Nursing','year 2',3.32),(767,'Female',23,'Engineering','year 1',3.80),(768,'Female',18,'Engineering','year 1',2.00),(769,'Female',22,'Pendidikan Islam','Year 2',3.11),(770,'Female',23,'Diploma Nursing','year 2',2.00),(771,'Female',23,'Engineering','year 1',2.00),(772,'Female',25,'Pendidikan Islam','Year 2',4.00),(773,'Female',19,'Pendidikan Islam','Year 2',2.00),(774,'Male',25,'Radiography','year 1',2.00),(775,'Male',18,'Radiography','year 1',2.76),(776,'Female',18,'psychology','year 1',2.00),(777,'Female',19,'psychology','year 1',2.12),(778,'Female',21,'psychology','year 1',2.38),(779,'Female',18,'psychology','year 1',4.00),(780,'Female',24,'Fiqh fatwa','Year 3',4.00),(781,'Female',23,'Fiqh fatwa','Year 3',2.56),(782,'Female',18,'psychology','year 1',3.22),(783,'Female',19,'psychology','year 1',2.00),(784,'Female',20,'psychology','year 1',4.00),(785,'Female',25,'psychology','year 1',2.37),(786,'Male',21,'BIT','year 1',4.00),(787,'Male',24,'Engineering','Year 2',2.95),(788,'Male',21,'Engineering','Year 2',3.71),(789,'Female',21,'DIPLOMA TESL','Year 3',3.79),(790,'Female',19,'DIPLOMA TESL','Year 3',4.00),(791,'Female',21,'DIPLOMA TESL','Year 3',2.00),(792,'Female',24,'DIPLOMA TESL','Year 3',2.07),(793,'Male',18,'Koe','Year 2',3.34),(794,'Male',23,'Koe','Year 2',2.88),(795,'Male',21,'Koe','Year 2',2.65),(796,'Male',25,'Koe','Year 2',3.80),(797,'Female',23,'KOE','year 2',4.00),(798,'Female',19,'KOE','year 2',2.51),(799,'Female',21,'BENL','year 1',2.66),(800,'Female',19,'BENL','year 1',4.00),(801,'Female',21,'Fiqh','Year 3',4.00),(802,'Female',20,'Islamic Education','year 1',3.04),(803,'Female',24,'BCS','year 1',2.51),(804,'Female',19,'BCS','year 1',3.59),(805,'Female',19,'BCS','year 1',4.00),(806,'Male',23,'Engineering','Year 2',4.00),(807,'Male',22,'Engineering','Year 2',4.00),(808,'Female',21,'Nursing','Year 3',3.19),(809,'Female',23,'Pendidikan Islam','year 4',4.00),(810,'Female',25,'Pendidikan Islam','year 4',2.00),(811,'Female',22,'Pendidikan Islam','year 4',3.92),(812,'Male',24,'Biomedical science','Year 2',2.17),(813,'Male',24,'Biomedical science','Year 2',3.24),(814,'Male',19,'Biomedical science','Year 2',2.35),(815,'Male',23,'Biomedical science','Year 2',3.46),(816,'Male',25,'Islamic education','year 2',4.00),(817,'Male',19,'BIT','Year 1',3.63),(818,'Male',21,'BIT','Year 1',3.06),(819,'Female',19,'Laws','year 3',4.00),(820,'Female',18,'Laws','year 3',4.00),(821,'Male',25,'Mathemathics','year 4',3.60),(822,'Male',22,'Mathemathics','year 4',4.00),(823,'Male',20,'Mathemathics','year 4',3.88),(824,'Female',22,'BCS','year 1',3.48),(825,'Female',24,'Engineering','Year 3',2.00),(826,'Female',21,'Engineering','Year 3',3.09),(827,'Female',20,'Psychology','year 1',4.00),(828,'Female',23,'Psychology','year 1',2.00),(829,'Female',22,'Psychology','year 1',4.00),(830,'Female',19,'Engineering','Year 3',3.93),(831,'Female',18,'Psychology','year 1',3.54),(832,'Female',18,'Engineering','Year 3',3.56),(833,'Female',18,'Engineering','Year 3',3.90),(834,'Female',20,'Engineering','Year 3',4.00),(835,'Female',19,'Psychology','year 1',4.00),(836,'Female',25,'Psychology','year 1',3.39),(837,'Male',20,'Irkhs','year 1',3.94),(838,'Female',18,'BCS','year 1',4.00),(839,'Male',24,'Engineering','year 1',4.00),(840,'Male',18,'Engineering','year 1',2.00),(841,'Female',20,'KENMS','Year 2',3.19),(842,'Female',25,'KENMS','Year 2',4.00),(843,'Female',19,'KENMS','Year 2',2.00),(844,'Male',21,'BCS','Year 3',2.13),(845,'Female',24,'Accounting','year 3',2.00),(846,'Female',23,'Accounting','year 3',2.00),(847,'Female',18,'Accounting','year 3',2.36),(848,'Female',21,'ENM','year 4',4.00),(849,'Female',24,'ENM','year 4',2.00),(850,'Female',23,'BIT','Year 2',2.00),(851,'Female',25,'BIT','Year 2',4.00),(852,'Female',19,'BIT','Year 2',3.28),(853,'Female',21,'Engineering','year 1',2.18),(854,'Female',22,'Engineering','year 1',2.00),(855,'Female',25,'KOE','Year 2',4.00),(856,'Female',22,'BCS','year 1',4.00),(857,'Female',22,'KOE','Year 2',4.00),(858,'Female',21,'KOE','Year 2',2.00),(859,'Female',24,'KOE','Year 2',2.23),(860,'Female',23,'BCS','year 1',4.00),(861,'Female',24,'Engineering','year 1',4.00),(862,'Female',23,'Engineering','year 1',3.10),(863,'Female',22,'BCS','Year 3',4.00),(864,'Female',19,'BCS','Year 3',2.00),(865,'Female',23,'BCS','Year 3',2.00),(866,'Female',18,'Banking Studies','year 1',2.00),(867,'Female',22,'Banking Studies','year 1',4.00),(868,'Female',25,'Banking Studies','year 1',2.93),(869,'Female',21,'Engineering','year 1',4.00),(870,'Female',24,'Engineering','year 1',4.00),(871,'Female',21,'Engineering','year 1',3.15),(872,'Male',24,'Engineering','Year 2',2.84),(873,'Male',18,'Engineering','Year 2',3.91),(874,'Female',24,'BIT','Year 3',4.00),(875,'Female',23,'BIT','Year 3',2.23),(876,'Female',21,'BIT','Year 3',4.00),(877,'Female',18,'Business Administration','Year 2',2.00),(878,'Female',23,'Business Administration','Year 2',2.78),(879,'Female',18,'Business Administration','Year 2',2.00),(880,'Female',18,'Business Administration','Year 2',2.84),(881,'Male',22,'BCS','year 2',4.00),(882,'Male',18,'BCS','year 1',4.00),(883,'Male',19,'BCS','year 2',2.71),(884,'Male',21,'BCS','Year 2',4.00),(885,'Male',19,'BCS','Year 2',2.07),(886,'Male',21,'BCS','Year 2',3.07),(887,'Female',20,'BIT','year 1',2.22),(888,'Female',22,'BIT','year 1',4.00),(889,'Female',18,'Law','Year 3',2.00),(890,'Female',24,'Engineering','year 1',2.14),(891,'Female',21,'Law','Year 3',2.05),(892,'Female',18,'Law','Year 3',4.00),(893,'Female',18,'Engineering','year 1',2.49),(894,'Female',18,'BIT','year 1',4.00),(895,'Female',25,'BIT','year 1',2.00),(896,'Female',25,'BIT','year 1',2.67),(897,'Female',18,'BIT','year 1',3.60),(898,'Female',24,'BIT','year 1',4.00),(899,'Female',18,'BIT','year 1',2.00),(900,'Female',25,'Engineering','Year 2',2.40),(901,'Female',21,'Engineering','Year 2',2.53),(902,'Female',24,'Engineering','Year 2',4.00),(903,'Female',18,'Engineering','Year 2',2.00),(904,'Female',22,'Engineering','year 4',4.00),(905,'Female',20,'Engineering','year 4',2.25),(906,'Female',21,'Engineering','year 4',4.00),(907,'Female',21,'BIT','Year 3',4.00),(908,'Female',20,'Usuluddin','year 2',2.00),(909,'Female',24,'Usuluddin','year 2',3.43),(910,'Female',22,'Usuluddin','year 2',3.89),(911,'Male',21,'BIT','year 1',3.94),(912,'Male',19,'BIT','year 1',3.97),(913,'Male',23,'BIT','year 1',3.36),(914,'Male',24,'BIT','year 1',3.51),(915,'Male',23,'TAASL','year 2',3.85),(916,'Male',23,'TAASL','year 2',2.36),(917,'Male',23,'TAASL','year 2',2.00),(918,'Male',18,'BCS','year 1',2.46),(919,'Male',25,'BCS','year 1',2.58),(920,'Female',18,'Engineering','year 1',3.76),(921,'Female',23,'Engineering','year 1',4.00),(922,'Female',24,'Engine','year 4',2.57),(923,'Male',23,'BCS','year 2',2.24),(924,'Male',18,'BCS','year 2',2.00),(925,'Female',24,'Engine','year 4',2.09),(926,'Female',19,'BCS','year 3',3.92),(927,'Female',19,'BCS','year 3',2.94),(928,'Female',23,'ALA','year 1',2.26),(929,'Female',24,'BCS','year 2',2.00),(930,'Female',24,'BCS','year 2',2.00),(931,'Female',22,'BCS','year 2',2.00),(932,'Female',21,'Biomedical science','year 3',4.00),(933,'Female',21,'Biomedical science','year 3',2.00),(934,'Female',25,'Biomedical science','year 3',3.87),(935,'Female',21,'Biomedical science','year 3',3.47),(936,'Female',20,'Biomedical science','year 3',2.05),(937,'Female',21,'Biomedical science','year 3',2.32),(938,'Female',19,'Biomedical science','year 3',2.11),(939,'Female',20,'koe','year 3',4.00),(940,'Female',18,'koe','year 3',3.96),(941,'Female',23,'koe','year 3',2.61),(942,'Female',24,'koe','year 3',3.45),(943,'Female',20,'koe','year 3',4.00),(944,'Female',19,'BCS','year 1',4.00),(945,'Female',25,'BCS','year 1',3.01),(946,'Female',22,'BCS','year 1',4.00),(947,'Female',20,'BCS','year 1',3.64),(948,'Female',22,'BCS','year 1',4.00),(949,'Female',18,'BCS','year 1',2.85),(950,'Male',21,'BCS','year 1',2.00),(951,'Male',18,'BCS','year 1',2.63),(952,'Male',25,'Kirkhs','Year 3',2.45),(953,'Male',21,'Kirkhs','Year 3',2.90),(954,'Female',24,'BENL','Year 3',2.04),(955,'Female',23,'BCS','year 1',4.00),(956,'Female',23,'BCS','year 1',2.95),(957,'Female',24,'Benl','year 1',4.00),(958,'Female',23,'Benl','year 1',4.00),(959,'Female',25,'Benl','year 1',3.82),(960,'Female',19,'IT','Year 3',2.00),(961,'Female',18,'IT','Year 3',2.00),(962,'Female',23,'BCS','year 1',4.00),(963,'Female',18,'CTS','Year 1',2.00),(964,'Female',19,'CTS','Year 1',3.83),(965,'Female',23,'CTS','Year 1',2.66),(966,'Female',19,'engin','year 1',2.70),(967,'Female',20,'engin','year 1',2.53),(968,'Female',18,'engin','year 1',3.08),(969,'Female',18,'engin','year 1',2.00),(970,'Female',20,'engin','year 1',2.00),(971,'Female',23,'Engine','year 1',2.42),(972,'Female',25,'Engine','year 1',4.00),(973,'Female',24,'Engine','year 1',2.28),(974,'Female',23,'Engine','year 1',4.00),(975,'Female',21,'Engine','year 1',2.00),(976,'Female',22,'Econs','year 1',2.38),(977,'Female',21,'KOE','Year 3',2.83),(978,'Male',19,'MHSC','Year 3',4.00),(979,'Male',24,'MHSC','Year 3',4.00),(980,'Female',23,'Malcom','year 1',2.21),(981,'Female',25,'Malcom','year 1',3.86),(982,'Female',23,'Malcom','year 1',3.99),(983,'Female',20,'Kop','year 4',2.00),(984,'Female',25,'Kop','year 4',4.00),(985,'Female',18,'Biomedical science','year 1',4.00),(986,'Female',24,'Biomedical science','year 1',2.34),(987,'Female',22,'Biomedical science','year 1',3.60),(988,'Female',18,'Biomedical science','year 1',3.69),(989,'Female',18,'Laws','Year 3',2.00),(990,'Female',24,'Laws','Year 3',3.64),(991,'Female',20,'BIT','Year 3',4.00),(992,'Male',23,'BIT','Year 3',4.00),(993,'Male',25,'BIT','Year 3',4.00),(994,'Female',25,'KOE','year 1',2.00),(995,'Female',23,'KOE','year 1',3.83),(996,'Female',20,'KOE','year 1',2.31),(997,'Female',23,'Engineering','year 1',3.72),(998,'Female',19,'Human Sciences','Year 2',2.00),(999,'Female',24,'Human Sciences','Year 2',3.89),(1000,'Female',20,'Human Sciences','Year 2',2.46);
/*!40000 ALTER TABLE `Student` ENABLE KEYS */;
UNLOCK TABLES;
/*!40103 SET TIME_ZONE=@OLD_TIME_ZONE */;

/*!40101 SET SQL_MODE=@OLD_SQL_MODE */;
/*!40014 SET FOREIGN_KEY_CHECKS=@OLD_FOREIGN_KEY_CHECKS */;
/*!40014 SET UNIQUE_CHECKS=@OLD_UNIQUE_CHECKS */;
/*!40101 SET CHARACTER_SET_CLIENT=@OLD_CHARACTER_SET_CLIENT */;
/*!40101 SET CHARACTER_SET_RESULTS=@OLD_CHARACTER_SET_RESULTS */;
/*!40101 SET COLLATION_CONNECTION=@OLD_COLLATION_CONNECTION */;
/*!40111 SET SQL_NOTES=@OLD_SQL_NOTES */;

-- Dump completed on 2025-01-03  2:41:14
